This is pdfTeX, Version 3.141592653-2.6-1.40.28 (MiKTeX 25.12) (preloaded format=pdflatex 2026.8.2)  2 AUG 2026 18:13
entering extended mode
 restricted \write18 enabled.
 file:line:error style messages enabled.
 %&-line parsing enabled.
**./main_en.tex
(main_en.tex
LaTeX2e <2025-11-01>
L3 programming layer <2025-12-24>
(C:\Users\Admin\AppData\Local\Programs\MiKTeX\tex/latex/base\article.cls
Document Class: article 2025/01/22 v1.4n Standard LaTeX document class
(C:\Users\Admin\AppData\Local\Programs\MiKTeX\tex/latex/base\size10.clo
File: size10.clo 2025/01/22 v1.4n Standard LaTeX file (size option)
)
\c@part=\count275
\c@section=\count276
\c@subsection=\count277
\c@subsubsection=\count278
\c@paragraph=\count279
\c@subparagraph=\count280
\c@figure=\count281
\c@table=\count282
\abovecaptionskip=\skip49
\belowcaptionskip=\skip50
\bibindent=\dimen148
) (C:\Users\Admin\AppData\Local\Programs\MiKTeX\tex/latex/base\fontenc.sty
Package: fontenc 2025/07/18 v2.1d Standard LaTeX package
) (C:\Users\Admin\AppData\Local\Programs\MiKTeX\tex/latex/vntex\vntex.sty
Package: vntex 2009/07/12 v1.1 support for Vietnamese
(C:\Users\Admin\AppData\Local\Programs\MiKTeX\tex/latex/base\ifthen.sty
Package: ifthen 2024/03/16 v1.1e Standard LaTeX ifthen package (DPC)
) (C:\Users\Admin\AppData\Local\Programs\MiKTeX\tex/latex/base\fontenc.sty
Package: fontenc 2025/07/18 v2.1d Standard LaTeX package
(C:\Users\Admin\AppData\Local\Programs\MiKTeX\tex/latex/vntex\t5enc.def
File: t5enc.def 2006/11/21 v1.4 Vietnamese T5 encoding
Now handling font encoding T5 ...
... processing UTF-8 mapping file for font encoding T5
(C:\Users\Admin\AppData\Local\Programs\MiKTeX\tex/latex/vntex\t5enc.dfu
File: t5enc.dfu 2006/08/19 v1.1 UTF8 support for Vietnamese
   defining Unicode char U+00AB (decimal 171)
   defining Unicode char U+00BB (decimal 187)
   defining Unicode char U+00C0 (decimal 192)
   defining Unicode char U+00C1 (decimal 193)
   defining Unicode char U+00C2 (decimal 194)
   defining Unicode char U+00C3 (decimal 195)
   defining Unicode char U+00C8 (decimal 200)
   defining Unicode char U+00C9 (decimal 201)
   defining Unicode char U+00CA (decimal 202)
   defining Unicode char U+00CC (decimal 204)
   defining Unicode char U+00CD (decimal 205)
   defining Unicode char U+00D2 (decimal 210)
   defining Unicode char U+00D3 (decimal 211)
   defining Unicode char U+00D4 (decimal 212)
   defining Unicode char U+00D5 (decimal 213)
   defining Unicode char U+00D9 (decimal 217)
   defining Unicode char U+00DA (decimal 218)
   defining Unicode char U+00DD (decimal 221)
   defining Unicode char U+00E0 (decimal 224)
   defining Unicode char U+00E1 (decimal 225)
   defining Unicode char U+00E2 (decimal 226)
   defining Unicode char U+00E3 (decimal 227)
   defining Unicode char U+00E8 (decimal 232)
   defining Unicode char U+00E9 (decimal 233)
   defining Unicode char U+00EA (decimal 234)
   defining Unicode char U+00EC (decimal 236)
   defining Unicode char U+00ED (decimal 237)
   defining Unicode char U+00F2 (decimal 242)
   defining Unicode char U+00F3 (decimal 243)
   defining Unicode char U+00F4 (decimal 244)
   defining Unicode char U+00F5 (decimal 245)
   defining Unicode char U+00F9 (decimal 249)
   defining Unicode char U+00FA (decimal 250)
   defining Unicode char U+00FD (decimal 253)
   defining Unicode char U+0102 (decimal 258)
   defining Unicode char U+0103 (decimal 259)
   defining Unicode char U+0110 (decimal 272)
   defining Unicode char U+0111 (decimal 273)
   defining Unicode char U+0128 (decimal 296)
   defining Unicode char U+0129 (decimal 297)
   defining Unicode char U+0131 (decimal 305)
   defining Unicode char U+0168 (decimal 360)
   defining Unicode char U+0169 (decimal 361)
   defining Unicode char U+01A0 (decimal 416)
   defining Unicode char U+01A1 (decimal 417)
   defining Unicode char U+01AF (decimal 431)
   defining Unicode char U+01B0 (decimal 432)
   defining Unicode char U+1EA0 (decimal 7840)
   defining Unicode char U+1EA1 (decimal 7841)
   defining Unicode char U+1EA2 (decimal 7842)
   defining Unicode char U+1EA3 (decimal 7843)
   defining Unicode char U+1EA4 (decimal 7844)
   defining Unicode char U+1EA5 (decimal 7845)
   defining Unicode char U+1EA6 (decimal 7846)
   defining Unicode char U+1EA7 (decimal 7847)
   defining Unicode char U+1EA8 (decimal 7848)
   defining Unicode char U+1EA9 (decimal 7849)
   defining Unicode char U+1EAA (decimal 7850)
   defining Unicode char U+1EAB (decimal 7851)
   defining Unicode char U+1EAC (decimal 7852)
   defining Unicode char U+1EAD (decimal 7853)
   defining Unicode char U+1EAE (decimal 7854)
   defining Unicode char U+1EAF (decimal 7855)
   defining Unicode char U+1EB0 (decimal 7856)
   defining Unicode char U+1EB1 (decimal 7857)
   defining Unicode char U+1EB2 (decimal 7858)
   defining Unicode char U+1EB3 (decimal 7859)
   defining Unicode char U+1EB4 (decimal 7860)
   defining Unicode char U+1EB5 (decimal 7861)
   defining Unicode char U+1EB6 (decimal 7862)
   defining Unicode char U+1EB7 (decimal 7863)
   defining Unicode char U+1EB8 (decimal 7864)
   defining Unicode char U+1EB9 (decimal 7865)
   defining Unicode char U+1EBA (decimal 7866)
   defining Unicode char U+1EBB (decimal 7867)
   defining Unicode char U+1EBC (decimal 7868)
   defining Unicode char U+1EBD (decimal 7869)
   defining Unicode char U+1EBE (decimal 7870)
   defining Unicode char U+1EBF (decimal 7871)
   defining Unicode char U+1EC0 (decimal 7872)
   defining Unicode char U+1EC1 (decimal 7873)
   defining Unicode char U+1EC2 (decimal 7874)
   defining Unicode char U+1EC3 (decimal 7875)
   defining Unicode char U+1EC4 (decimal 7876)
   defining Unicode char U+1EC5 (decimal 7877)
   defining Unicode char U+1EC6 (decimal 7878)
   defining Unicode char U+1EC7 (decimal 7879)
   defining Unicode char U+1EC8 (decimal 7880)
   defining Unicode char U+1EC9 (decimal 7881)
   defining Unicode char U+1ECA (decimal 7882)
   defining Unicode char U+1ECB (decimal 7883)
   defining Unicode char U+1ECC (decimal 7884)
   defining Unicode char U+1ECD (decimal 7885)
   defining Unicode char U+1ECE (decimal 7886)
   defining Unicode char U+1ECF (decimal 7887)
   defining Unicode char U+1ED0 (decimal 7888)
   defining Unicode char U+1ED1 (decimal 7889)
   defining Unicode char U+1ED2 (decimal 7890)
   defining Unicode char U+1ED3 (decimal 7891)
   defining Unicode char U+1ED4 (decimal 7892)
   defining Unicode char U+1ED5 (decimal 7893)
   defining Unicode char U+1ED6 (decimal 7894)
   defining Unicode char U+1ED7 (decimal 7895)
   defining Unicode char U+1ED8 (decimal 7896)
   defining Unicode char U+1ED9 (decimal 7897)
   defining Unicode char U+1EDA (decimal 7898)
   defining Unicode char U+1EDB (decimal 7899)
   defining Unicode char U+1EDC (decimal 7900)
   defining Unicode char U+1EDD (decimal 7901)
   defining Unicode char U+1EDE (decimal 7902)
   defining Unicode char U+1EDF (decimal 7903)
   defining Unicode char U+1EE0 (decimal 7904)
   defining Unicode char U+1EE1 (decimal 7905)
   defining Unicode char U+1EE2 (decimal 7906)
   defining Unicode char U+1EE3 (decimal 7907)
   defining Unicode char U+1EE4 (decimal 7908)
   defining Unicode char U+1EE5 (decimal 7909)
   defining Unicode char U+1EE6 (decimal 7910)
   defining Unicode char U+1EE7 (decimal 7911)
   defining Unicode char U+1EE8 (decimal 7912)
   defining Unicode char U+1EE9 (decimal 7913)
   defining Unicode char U+1EEA (decimal 7914)
   defining Unicode char U+1EEB (decimal 7915)
   defining Unicode char U+1EEC (decimal 7916)
   defining Unicode char U+1EED (decimal 7917)
   defining Unicode char U+1EEE (decimal 7918)
   defining Unicode char U+1EEF (decimal 7919)
   defining Unicode char U+1EF0 (decimal 7920)
   defining Unicode char U+1EF1 (decimal 7921)
   defining Unicode char U+1EF2 (decimal 7922)
   defining Unicode char U+1EF3 (decimal 7923)
   defining Unicode char U+1EF4 (decimal 7924)
   defining Unicode char U+1EF5 (decimal 7925)
   defining Unicode char U+1EF6 (decimal 7926)
   defining Unicode char U+1EF7 (decimal 7927)
   defining Unicode char U+1EF8 (decimal 7928)
   defining Unicode char U+1EF9 (decimal 7929)
   defining Unicode char U+200C (decimal 8204)
   defining Unicode char U+2013 (decimal 8211)
   defining Unicode char U+2014 (decimal 8212)
   defining Unicode char U+2018 (decimal 8216)
   defining Unicode char U+2019 (decimal 8217)
   defining Unicode char U+201A (decimal 8218)
   defining Unicode char U+201C (decimal 8220)
   defining Unicode char U+201D (decimal 8221)
   defining Unicode char U+201E (decimal 8222)
   defining Unicode char U+2030 (decimal 8240)
   defining Unicode char U+2031 (decimal 8241)
   defining Unicode char U+2039 (decimal 8249)
   defining Unicode char U+203A (decimal 8250)
   defining Unicode char U+2423 (decimal 9251)
))
LaTeX Font Info:    Trying to load font information for T5+cmr on input line 11
6.
(C:\Users\Admin\AppData\Local\Programs\MiKTeX\tex/latex/vntex\t5cmr.fd
File: t5cmr.fd 1999/05/25 v2.5h Standard LaTeX font definitions
))

Package vntex Warning: No input encoding specified, using UTF-8 as default on i
nput line 88.

(C:\Users\Admin\AppData\Local\Programs\MiKTeX\tex/latex/base\inputenc.sty
Package: inputenc 2024/02/08 v1.3d Input encoding file
\inpenc@prehook=\toks17
\inpenc@posthook=\toks18
) (C:\Users\Admin\AppData\Local\Programs\MiKTeX\tex/latex/vntex\vncaps.tex
File: vncaps.tex 2006/06/07 v1.1 Captions in Vietnamese
)) (C:\Users\Admin\AppData\Local\Programs\MiKTeX\tex/latex/base\textcomp.sty
Package: textcomp 2024/04/24 v2.1b Standard LaTeX package
) (C:\Users\Admin\AppData\Local\Programs\MiKTeX\tex/latex/psnfss\mathptmx.sty
Package: mathptmx 2020/03/25 PSNFSS-v9.3 Times w/ Math, improved (SPQR, WaS) 
LaTeX Font Info:    Redeclaring symbol font `operators' on input line 28.
LaTeX Font Info:    Overwriting symbol font `operators' in version `normal'
(Font)                  OT1/cmr/m/n --> OT1/ztmcm/m/n on input line 28.
LaTeX Font Info:    Overwriting symbol font `operators' in version `bold'
(Font)                  OT1/cmr/bx/n --> OT1/ztmcm/m/n on input line 28.
LaTeX Font Info:    Redeclaring symbol font `letters' on input line 29.
LaTeX Font Info:    Overwriting symbol font `letters' in version `normal'
(Font)                  OML/cmm/m/it --> OML/ztmcm/m/it on input line 29.
LaTeX Font Info:    Overwriting symbol font `letters' in version `bold'
(Font)                  OML/cmm/b/it --> OML/ztmcm/m/it on input line 29.
LaTeX Font Info:    Redeclaring symbol font `symbols' on input line 30.
LaTeX Font Info:    Overwriting symbol font `symbols' in version `normal'
(Font)                  OMS/cmsy/m/n --> OMS/ztmcm/m/n on input line 30.
LaTeX Font Info:    Overwriting symbol font `symbols' in version `bold'
(Font)                  OMS/cmsy/b/n --> OMS/ztmcm/m/n on input line 30.
LaTeX Font Info:    Redeclaring symbol font `largesymbols' on input line 31.
LaTeX Font Info:    Overwriting symbol font `largesymbols' in version `normal'
(Font)                  OMX/cmex/m/n --> OMX/ztmcm/m/n on input line 31.
LaTeX Font Info:    Overwriting symbol font `largesymbols' in version `bold'
(Font)                  OMX/cmex/m/n --> OMX/ztmcm/m/n on input line 31.
\symbold=\mathgroup4
\symitalic=\mathgroup5
LaTeX Font Info:    Redeclaring math alphabet \mathbf on input line 34.
LaTeX Font Info:    Overwriting math alphabet `\mathbf' in version `normal'
(Font)                  OT1/cmr/bx/n --> OT1/ptm/bx/n on input line 34.
LaTeX Font Info:    Overwriting math alphabet `\mathbf' in version `bold'
(Font)                  OT1/cmr/bx/n --> OT1/ptm/bx/n on input line 34.
LaTeX Font Info:    Redeclaring math alphabet \mathit on input line 35.
LaTeX Font Info:    Overwriting math alphabet `\mathit' in version `normal'
(Font)                  OT1/cmr/m/it --> OT1/ptm/m/it on input line 35.
LaTeX Font Info:    Overwriting math alphabet `\mathit' in version `bold'
(Font)                  OT1/cmr/bx/it --> OT1/ptm/m/it on input line 35.
LaTeX Info: Redefining \hbar on input line 50.
) (C:\Users\Admin\AppData\Local\Programs\MiKTeX\tex/latex/a4wide\a4wide.sty
Package: a4wide 1994/08/30
(C:\Users\Admin\AppData\Local\Programs\MiKTeX\tex/latex/ntgclass\a4.sty
Package: a4 2025/12/29 v1.2g A4 based page layout
)) (C:\Users\Admin\AppData\Local\Programs\MiKTeX\tex/latex/amsfonts\amssymb.sty
Package: amssymb 2013/01/14 v3.01 AMS font symbols
(C:\Users\Admin\AppData\Local\Programs\MiKTeX\tex/latex/amsfonts\amsfonts.sty
Package: amsfonts 2013/01/14 v3.01 Basic AMSFonts support
\@emptytoks=\toks19
\symAMSa=\mathgroup6
\symAMSb=\mathgroup7
LaTeX Font Info:    Overwriting math alphabet `\mathfrak' in version `bold'
(Font)                  U/euf/m/n --> U/euf/b/n on input line 106.
)) (C:\Users\Admin\AppData\Local\Programs\MiKTeX\tex/latex/graphics\epsfig.sty
Package: epsfig 2024/01/14 v1.7b (e)psfig emulation (SPQR)
(C:\Users\Admin\AppData\Local\Programs\MiKTeX\tex/latex/graphics\graphicx.sty
Package: graphicx 2024/12/31 v1.2e Enhanced LaTeX Graphics (DPC,SPQR)
(C:\Users\Admin\AppData\Local\Programs\MiKTeX\tex/latex/graphics\keyval.sty
Package: keyval 2022/05/29 v1.15 key=value parser (DPC)
\KV@toks@=\toks20
) (C:\Users\Admin\AppData\Local\Programs\MiKTeX\tex/latex/graphics\graphics.sty
Package: graphics 2024/08/06 v1.4g Standard LaTeX Graphics (DPC,SPQR)
(C:\Users\Admin\AppData\Local\Programs\MiKTeX\tex/latex/graphics\trig.sty
Package: trig 2023/12/02 v1.11 sin cos tan (DPC)
)
(C:\Users\Admin\AppData\Local\Programs\MiKTeX\tex/latex/graphics-cfg\graphics.c
fg
File: graphics.cfg 2016/06/04 v1.11 sample graphics configuration
)
Package graphics Info: Driver file: pdftex.def on input line 106.

(C:\Users\Admin\AppData\Local\Programs\MiKTeX\tex/latex/graphics-def\pdftex.def
File: pdftex.def 2025/09/29 v1.2d Graphics/color driver for pdftex
))
\Gin@req@height=\dimen149
\Gin@req@width=\dimen150
)
\epsfxsize=\dimen151
\epsfysize=\dimen152
) (C:\Users\Admin\AppData\Local\Programs\MiKTeX\tex/latex/base\latexsym.sty
Package: latexsym 1998/08/17 v2.2e Standard LaTeX package (lasy symbols)
\symlasy=\mathgroup8
LaTeX Font Info:    Overwriting symbol font `lasy' in version `bold'
(Font)                  U/lasy/m/n --> U/lasy/b/n on input line 52.
) (C:\Users\Admin\AppData\Local\Programs\MiKTeX\tex/latex/tools\array.sty
Package: array 2025/09/25 v2.6n Tabular extension package (FMi)
\col@sep=\dimen153
\ar@mcellbox=\box53
\extrarowheight=\dimen154
\NC@list=\toks21
\extratabsurround=\skip51
\backup@length=\skip52
\ar@cellbox=\box54
) (C:\Users\Admin\AppData\Local\Programs\MiKTeX\tex/latex/tools\hhline.sty
Package: hhline 2020/01/04 v2.04 Table rule package (DPC)
) (C:\Users\Admin\AppData\Local\Programs\MiKTeX\tex/latex/fancyhdr\fancyhdr.sty
Package: fancyhdr 2025/02/07 v5.2 Extensive control of page headers and footers

\f@nch@headwidth=\skip53
\f@nch@offset@elh=\skip54
\f@nch@offset@erh=\skip55
\f@nch@offset@olh=\skip56
\f@nch@offset@orh=\skip57
\f@nch@offset@elf=\skip58
\f@nch@offset@erf=\skip59
\f@nch@offset@olf=\skip60
\f@nch@offset@orf=\skip61
\f@nch@height=\skip62
\f@nch@footalignment=\skip63
\f@nch@widthL=\skip64
\f@nch@widthC=\skip65
\f@nch@widthR=\skip66
\@temptokenb=\toks22
) (C:\Users\Admin\AppData\Local\Programs\MiKTeX\tex/latex/ulem\ulem.sty
\UL@box=\box55
\UL@hyphenbox=\box56
\UL@skip=\skip67
\UL@hook=\toks23
\UL@height=\dimen155
\UL@pe=\count283
\UL@pixel=\dimen156
\ULC@box=\box57
Package: ulem 2019/11/18
\ULdepth=\dimen157
) (C:\Users\Admin\AppData\Local\Programs\MiKTeX\tex/latex/cancel\cancel.sty
Package: cancel 2013/04/12 v2.2 Cancel math terms
) (C:\Users\Admin\AppData\Local\Programs\MiKTeX\tex/latex/amsmath\amsmath.sty
Package: amsmath 2025/07/09 v2.17z AMS math features
\@mathmargin=\skip68
For additional information on amsmath, use the `?' option.
(C:\Users\Admin\AppData\Local\Programs\MiKTeX\tex/latex/amsmath\amstext.sty
Package: amstext 2024/11/17 v2.01 AMS text
(C:\Users\Admin\AppData\Local\Programs\MiKTeX\tex/latex/amsmath\amsgen.sty
File: amsgen.sty 1999/11/30 v2.0 generic functions
\@emptytoks=\toks24
\ex@=\dimen158
)) (C:\Users\Admin\AppData\Local\Programs\MiKTeX\tex/latex/amsmath\amsbsy.sty
Package: amsbsy 1999/11/29 v1.2d Bold Symbols
\pmbraise@=\dimen159
) (C:\Users\Admin\AppData\Local\Programs\MiKTeX\tex/latex/amsmath\amsopn.sty
Package: amsopn 2022/04/08 v2.04 operator names
)
\inf@bad=\count284
LaTeX Info: Redefining \frac on input line 233.
\uproot@=\count285
\leftroot@=\count286
LaTeX Info: Redefining \overline on input line 398.
LaTeX Info: Redefining \colon on input line 409.
\classnum@=\count287
\DOTSCASE@=\count288
LaTeX Info: Redefining \ldots on input line 495.
LaTeX Info: Redefining \dots on input line 498.
LaTeX Info: Redefining \cdots on input line 619.
\Mathstrutbox@=\box58
\strutbox@=\box59
LaTeX Info: Redefining \big on input line 721.
LaTeX Info: Redefining \Big on input line 722.
LaTeX Info: Redefining \bigg on input line 723.
LaTeX Info: Redefining \Bigg on input line 724.
\big@size=\dimen160
LaTeX Font Info:    Redeclaring font encoding OML on input line 742.
LaTeX Font Info:    Redeclaring font encoding OMS on input line 743.
\macc@depth=\count289
LaTeX Info: Redefining \bmod on input line 904.
LaTeX Info: Redefining \pmod on input line 909.
LaTeX Info: Redefining \smash on input line 939.
LaTeX Info: Redefining \relbar on input line 969.
LaTeX Info: Redefining \Relbar on input line 970.
\c@MaxMatrixCols=\count290
\dotsspace@=\muskip17
\c@parentequation=\count291
\dspbrk@lvl=\count292
\tag@help=\toks25
\row@=\count293
\column@=\count294
\maxfields@=\count295
\andhelp@=\toks26
\eqnshift@=\dimen161
\alignsep@=\dimen162
\tagshift@=\dimen163
\tagwidth@=\dimen164
\totwidth@=\dimen165
\lineht@=\dimen166
\@envbody=\toks27
\multlinegap=\skip69
\multlinetaggap=\skip70
\mathdisplay@stack=\toks28
LaTeX Info: Redefining \[ on input line 2950.
LaTeX Info: Redefining \] on input line 2951.
) (C:\Users\Admin\AppData\Local\Programs\MiKTeX\tex/latex/amscls\amsthm.sty
Package: amsthm 2020/05/29 v2.20.6
\thm@style=\toks29
\thm@bodyfont=\toks30
\thm@headfont=\toks31
\thm@notefont=\toks32
\thm@headpunct=\toks33
\thm@preskip=\skip71
\thm@postskip=\skip72
\thm@headsep=\skip73
\dth@everypar=\toks34
) (C:\Users\Admin\AppData\Local\Programs\MiKTeX\tex/latex/tools\multicol.sty
Package: multicol 2025/10/21 v2.0b multicolumn formatting (FMi)
\c@tracingmulticols=\count296
\mult@box=\box60
\multicol@leftmargin=\dimen167
\c@unbalance=\count297
\c@collectmore=\count298
\doublecol@number=\count299
\multicoltolerance=\count300
\multicolpretolerance=\count301
\full@width=\dimen168
\page@free=\dimen169
\premulticols=\dimen170
\postmulticols=\dimen171
\multicolsep=\skip74
\multicolbaselineskip=\skip75
\partial@page=\box61
\last@line=\box62
\mc@boxedresult=\box63
\maxbalancingoverflow=\dimen172
\mult@rightbox=\box64
\mult@grightbox=\box65
\mult@firstbox=\box66
\mult@gfirstbox=\box67
\@tempa=\box68
\@tempa=\box69
\@tempa=\box70
\@tempa=\box71
\@tempa=\box72
\@tempa=\box73
\@tempa=\box74
\@tempa=\box75
\@tempa=\box76
\@tempa=\box77
\@tempa=\box78
\@tempa=\box79
\@tempa=\box80
\@tempa=\box81
\@tempa=\box82
\@tempa=\box83
\@tempa=\box84
\@tempa=\box85
\@tempa=\box86
\@tempa=\box87
\@tempa=\box88
\@tempa=\box89
\@tempa=\box90
\@tempa=\box91
\@tempa=\box92
\@tempa=\box93
\@tempa=\box94
\@tempa=\box95
\@tempa=\box96
\@tempa=\box97
\@tempa=\box98
\@tempa=\box99
\@tempa=\box100
\@tempa=\box101
\@tempa=\box102
\@tempa=\box103
\c@minrows=\count302
\c@columnbadness=\count303
\c@finalcolumnbadness=\count304
\last@try=\dimen173
\multicolovershoot=\dimen174
\multicolundershoot=\dimen175
\mult@nat@firstbox=\box104
\colbreak@box=\box105
\mc@col@check@num=\count305
\g__mc_curr_col_int=\count306
) (C:\Users\Admin\AppData\Local\Programs\MiKTeX\tex/latex/tools\longtable.sty
Package: longtable 2025-10-13 v4.24 Multi-page Table package (DPC)
\LTleft=\skip76
\LTright=\skip77
\LTpre=\skip78
\LTpost=\skip79
\LTchunksize=\count307
\LTcapwidth=\dimen176
\LT@head=\box106
\LT@firsthead=\box107
\LT@foot=\box108
\LT@lastfoot=\box109
\LT@gbox=\box110
\LT@cols=\count308
\LT@rows=\count309
\c@LT@tables=\count310
\c@LT@chunks=\count311
\LT@p@ftn=\toks35
) (C:\Users\Admin\AppData\Local\Programs\MiKTeX\tex/latex/amsmath\amscd.sty
Package: amscd 2017/04/14 v2.1 AMS Commutative Diagrams
\athelp@=\toks36
\minaw@=\dimen177
\bigaw@=\dimen178
\minCDarrowwidth=\dimen179
) (C:\Users\Admin\AppData\Local\Programs\MiKTeX\tex/latex/diagbox\diagbox.sty
Package: diagbox 2020/02/09 v2.3 Making table heads with diagonal lines
(C:\Users\Admin\AppData\Local\Programs\MiKTeX\tex/latex/pict2e\pict2e.sty
Package: pict2e 2020/09/30 v0.4b Improved picture commands (HjG,RN,JT)
(C:\Users\Admin\AppData\Local\Programs\MiKTeX\tex/latex/pict2e\pict2e.cfg
File: pict2e.cfg 2016/02/05 v0.1u pict2e configuration for teTeX/TeXLive
)
Package pict2e Info: Driver file: pdftex.def on input line 112.
Package pict2e Info: Driver file for pict2e: p2e-pdftex.def on input line 114.
(C:\Users\Admin\AppData\Local\Programs\MiKTeX\tex/latex/pict2e\p2e-pdftex.def
File: p2e-pdftex.def 2016/02/05 v0.1u Driver-dependant file (RN,HjG,JT)
)
\pIIe@GRAPH=\toks37
\@arclen=\dimen180
\@arcrad=\dimen181
\pIIe@tempdima=\dimen182
\pIIe@tempdimb=\dimen183
\pIIe@tempdimc=\dimen184
\pIIe@tempdimd=\dimen185
\pIIe@tempdime=\dimen186
\pIIe@tempdimf=\dimen187
) (C:\Users\Admin\AppData\Local\Programs\MiKTeX\tex/latex/tools\calc.sty
Package: calc 2025/03/01 v4.3b Infix arithmetic (KKT,FJ)
\calc@Acount=\count312
\calc@Bcount=\count313
\calc@Adimen=\dimen188
\calc@Bdimen=\dimen189
\calc@Askip=\skip80
\calc@Bskip=\skip81
LaTeX Info: Redefining \setlength on input line 86.
LaTeX Info: Redefining \addtolength on input line 87.
\calc@Ccount=\count314
\calc@Cskip=\skip82
)
\diagbox@boxa=\box111
\diagbox@boxb=\box112
\diagbox@boxm=\box113
\diagbox@wd=\dimen190
\diagbox@ht=\dimen191
\diagbox@insepl=\dimen192
\diagbox@insepr=\dimen193
\diagbox@outsepl=\dimen194
\diagbox@outsepr=\dimen195
) (C:\Users\Admin\AppData\Local\Programs\MiKTeX\tex/latex/booktabs\booktabs.sty
Package: booktabs 2020/01/12 v1.61803398 Publication quality tables
\heavyrulewidth=\dimen196
\lightrulewidth=\dimen197
\cmidrulewidth=\dimen198
\belowrulesep=\dimen199
\belowbottomsep=\dimen256
\aboverulesep=\dimen257
\abovetopsep=\dimen258
\cmidrulesep=\dimen259
\cmidrulekern=\dimen260
\defaultaddspace=\dimen261
\@cmidla=\count315
\@cmidlb=\count316
\@aboverulesep=\dimen262
\@belowrulesep=\dimen263
\@thisruleclass=\count317
\@lastruleclass=\count318
\@thisrulewidth=\dimen264
) (C:\Users\Admin\AppData\Local\Programs\MiKTeX\tex/latex/base\alltt.sty
Package: alltt 2024/07/07 v2.0g defines alltt environment
) (C:\Users\Admin\AppData\Local\Programs\MiKTeX\tex/latex/mdframed\mdframed.sty
Package: mdframed 2013/07/01 1.9b: mdframed

(C:\Users\Admin\AppData\Local\Programs\MiKTeX\tex/latex/kvoptions\kvoptions.sty
Package: kvoptions 2022-06-15 v3.15 Key value format for package options (HO)
(C:\Users\Admin\AppData\Local\Programs\MiKTeX\tex/generic/ltxcmds\ltxcmds.sty
Package: ltxcmds 2023-12-04 v1.26 LaTeX kernel commands for general use (HO)
)
(C:\Users\Admin\AppData\Local\Programs\MiKTeX\tex/latex/kvsetkeys\kvsetkeys.sty
Package: kvsetkeys 2022-10-05 v1.19 Key value parser (HO)
))
(C:\Users\Admin\AppData\Local\Programs\MiKTeX\tex/latex/l3packages/xparse\xpars
e.sty (C:\Users\Admin\AppData\Local\Programs\MiKTeX\tex/latex/l3kernel\expl3.st
y
Package: expl3 2025-12-24 L3 programming layer (loader) 

(C:\Users\Admin\AppData\Local\Programs\MiKTeX\tex/latex/l3backend\l3backend-pdf
tex.def
File: l3backend-pdftex.def 2025-10-09 L3 backend support: PDF output (pdfTeX)
\l__color_backend_stack_int=\count319
))
Package: xparse 2025-10-09 L3 Experimental document command parser
) (C:\Users\Admin\AppData\Local\Programs\MiKTeX\tex/latex/etoolbox\etoolbox.sty
Package: etoolbox 2025/10/02 v2.5m e-TeX tools for LaTeX (JAW)
\etb@tempcnta=\count320
) (C:\Users\Admin\AppData\Local\Programs\MiKTeX\tex/latex/zref\zref-abspage.sty
Package: zref-abspage 2026-03-07 v2.37 Module abspage for zref (HO)
(C:\Users\Admin\AppData\Local\Programs\MiKTeX\tex/latex/zref\zref-base.sty
Package: zref-base 2026-03-07 v2.37 Module base for zref (HO)

(C:\Users\Admin\AppData\Local\Programs\MiKTeX\tex/generic/infwarerr\infwarerr.s
ty
Package: infwarerr 2019/12/03 v1.5 Providing info/warning/error messages (HO)
)
(C:\Users\Admin\AppData\Local\Programs\MiKTeX\tex/generic/kvdefinekeys\kvdefine
keys.sty
Package: kvdefinekeys 2019-12-19 v1.6 Define keys (HO)
)
(C:\Users\Admin\AppData\Local\Programs\MiKTeX\tex/generic/pdftexcmds\pdftexcmds
.sty
Package: pdftexcmds 2020-06-27 v0.33 Utility functions of pdfTeX for LuaTeX (HO
)
(C:\Users\Admin\AppData\Local\Programs\MiKTeX\tex/generic/iftex\iftex.sty
Package: iftex 2024/12/12 v1.0g TeX engine tests
)
Package pdftexcmds Info: \pdf@primitive is available.
Package pdftexcmds Info: \pdf@ifprimitive is available.
Package pdftexcmds Info: \pdfdraftmode found.
)
(C:\Users\Admin\AppData\Local\Programs\MiKTeX\tex/generic/etexcmds\etexcmds.sty
Package: etexcmds 2019/12/15 v1.7 Avoid name clashes with e-TeX commands (HO)
) (C:\Users\Admin\AppData\Local\Programs\MiKTeX\tex/latex/auxhook\auxhook.sty
Package: auxhook 2019-12-17 v1.6 Hooks for auxiliary files (HO)
)
Package zref Info: New property list: main on input line 767.
Package zref Info: New property: default on input line 768.
Package zref Info: New property: page on input line 769.
)
\c@abspage=\count321
Package zref Info: New property: abspage on input line 67.
)
(C:\Users\Admin\AppData\Local\Programs\MiKTeX\tex/latex/needspace\needspace.sty
Package: needspace 2025/03/13 v1.3e reserve vertical space
) (C:\Users\Admin\AppData\Local\Programs\MiKTeX\tex/latex/graphics\color.sty
Package: color 2025/01/14 v1.3e Standard LaTeX Color (DPC)
(C:\Users\Admin\AppData\Local\Programs\MiKTeX\tex/latex/graphics-cfg\color.cfg
File: color.cfg 2016/01/02 v1.6 sample color configuration
)
Package color Info: Driver file: pdftex.def on input line 149.
(C:\Users\Admin\AppData\Local\Programs\MiKTeX\tex/latex/graphics\mathcolor.ltx)
)
\mdf@templength=\skip83
\c@mdf@globalstyle@cnt=\count322
\mdf@skipabove@length=\skip84
\mdf@skipbelow@length=\skip85
\mdf@leftmargin@length=\skip86
\mdf@rightmargin@length=\skip87
\mdf@innerleftmargin@length=\skip88
\mdf@innerrightmargin@length=\skip89
\mdf@innertopmargin@length=\skip90
\mdf@innerbottommargin@length=\skip91
\mdf@splittopskip@length=\skip92
\mdf@splitbottomskip@length=\skip93
\mdf@outermargin@length=\skip94
\mdf@innermargin@length=\skip95
\mdf@linewidth@length=\skip96
\mdf@innerlinewidth@length=\skip97
\mdf@middlelinewidth@length=\skip98
\mdf@outerlinewidth@length=\skip99
\mdf@roundcorner@length=\skip100
\mdf@footenotedistance@length=\skip101
\mdf@userdefinedwidth@length=\skip102
\mdf@needspace@length=\skip103
\mdf@frametitleaboveskip@length=\skip104
\mdf@frametitlebelowskip@length=\skip105
\mdf@frametitlerulewidth@length=\skip106
\mdf@frametitleleftmargin@length=\skip107
\mdf@frametitlerightmargin@length=\skip108
\mdf@shadowsize@length=\skip109
\mdf@extratopheight@length=\skip110
\mdf@subtitleabovelinewidth@length=\skip111
\mdf@subtitlebelowlinewidth@length=\skip112
\mdf@subtitleaboveskip@length=\skip113
\mdf@subtitlebelowskip@length=\skip114
\mdf@subtitleinneraboveskip@length=\skip115
\mdf@subtitleinnerbelowskip@length=\skip116
\mdf@subsubtitleabovelinewidth@length=\skip117
\mdf@subsubtitlebelowlinewidth@length=\skip118
\mdf@subsubtitleaboveskip@length=\skip119
\mdf@subsubtitlebelowskip@length=\skip120
\mdf@subsubtitleinneraboveskip@length=\skip121
\mdf@subsubtitleinnerbelowskip@length=\skip122

(C:\Users\Admin\AppData\Local\Programs\MiKTeX\tex/latex/pgf/frontendlayer\tikz.
sty (C:\Users\Admin\AppData\Local\Programs\MiKTeX\tex/latex/pgf/basiclayer\pgf.
sty
(C:\Users\Admin\AppData\Local\Programs\MiKTeX\tex/latex/pgf/utilities\pgfrcs.st
y
(C:\Users\Admin\AppData\Local\Programs\MiKTeX\tex/generic/pgf/utilities\pgfutil
-common.tex
\pgfutil@everybye=\toks38
\pgfutil@tempdima=\dimen265
\pgfutil@tempdimb=\dimen266
)
(C:\Users\Admin\AppData\Local\Programs\MiKTeX\tex/generic/pgf/utilities\pgfutil
-latex.def
\pgfutil@abb=\box114
)
(C:\Users\Admin\AppData\Local\Programs\MiKTeX\tex/generic/pgf/utilities\pgfrcs.
code.tex (C:\Users\Admin\AppData\Local\Programs\MiKTeX\tex/generic/pgf\pgf.revi
sion.tex)
Package: pgfrcs 2025-08-29 v3.1.11a (3.1.11a)
))
Package: pgf 2025-08-29 v3.1.11a (3.1.11a)

(C:\Users\Admin\AppData\Local\Programs\MiKTeX\tex/latex/pgf/basiclayer\pgfcore.
sty
(C:\Users\Admin\AppData\Local\Programs\MiKTeX\tex/latex/pgf/systemlayer\pgfsys.
sty
(C:\Users\Admin\AppData\Local\Programs\MiKTeX\tex/generic/pgf/systemlayer\pgfsy
s.code.tex
Package: pgfsys 2025-08-29 v3.1.11a (3.1.11a)

(C:\Users\Admin\AppData\Local\Programs\MiKTeX\tex/generic/pgf/utilities\pgfkeys
.code.tex
\pgfkeys@pathtoks=\toks39
\pgfkeys@temptoks=\toks40

(C:\Users\Admin\AppData\Local\Programs\MiKTeX\tex/generic/pgf/utilities\pgfkeys
libraryfiltered.code.tex
\pgfkeys@tmptoks=\toks41
))
\pgf@x=\dimen267
\pgf@y=\dimen268
\pgf@xa=\dimen269
\pgf@ya=\dimen270
\pgf@xb=\dimen271
\pgf@yb=\dimen272
\pgf@xc=\dimen273
\pgf@yc=\dimen274
\pgf@xd=\dimen275
\pgf@yd=\dimen276
\w@pgf@writea=\write3
\r@pgf@reada=\read2
\c@pgf@counta=\count323
\c@pgf@countb=\count324
\c@pgf@countc=\count325
\c@pgf@countd=\count326
\t@pgf@toka=\toks42
\t@pgf@tokb=\toks43
\t@pgf@tokc=\toks44
\pgf@sys@id@count=\count327

(C:\Users\Admin\AppData\Local\Programs\MiKTeX\tex/generic/pgf/systemlayer\pgf.c
fg
File: pgf.cfg 2025-08-29 v3.1.11a (3.1.11a)
)
Driver file for pgf: pgfsys-pdftex.def

(C:\Users\Admin\AppData\Local\Programs\MiKTeX\tex/generic/pgf/systemlayer\pgfsy
s-pdftex.def
File: pgfsys-pdftex.def 2025-08-29 v3.1.11a (3.1.11a)

(C:\Users\Admin\AppData\Local\Programs\MiKTeX\tex/generic/pgf/systemlayer\pgfsy
s-common-pdf.def
File: pgfsys-common-pdf.def 2025-08-29 v3.1.11a (3.1.11a)
)))
(C:\Users\Admin\AppData\Local\Programs\MiKTeX\tex/generic/pgf/systemlayer\pgfsy
ssoftpath.code.tex
File: pgfsyssoftpath.code.tex 2025-08-29 v3.1.11a (3.1.11a)
\pgfsyssoftpath@smallbuffer@items=\count328
\pgfsyssoftpath@bigbuffer@items=\count329
)
(C:\Users\Admin\AppData\Local\Programs\MiKTeX\tex/generic/pgf/systemlayer\pgfsy
sprotocol.code.tex
File: pgfsysprotocol.code.tex 2025-08-29 v3.1.11a (3.1.11a)
)) (C:\Users\Admin\AppData\Local\Programs\MiKTeX\tex/latex/xcolor\xcolor.sty
Package: xcolor 2024/09/29 v3.02 LaTeX color extensions (UK)
(C:\Users\Admin\AppData\Local\Programs\MiKTeX\tex/latex/graphics-cfg\color.cfg
File: color.cfg 2016/01/02 v1.6 sample color configuration
)
Package xcolor Info: Driver file: pdftex.def on input line 274.
LaTeX Info: Redefining \color on input line 762.
(C:\Users\Admin\AppData\Local\Programs\MiKTeX\tex/latex/graphics\mathcolor.ltx)
Package xcolor Info: Model `cmy' substituted by `cmy0' on input line 1349.
Package xcolor Info: Model `hsb' substituted by `rgb' on input line 1353.
Package xcolor Info: Model `RGB' extended on input line 1365.
Package xcolor Info: Model `HTML' substituted by `rgb' on input line 1367.
Package xcolor Info: Model `Hsb' substituted by `hsb' on input line 1368.
Package xcolor Info: Model `tHsb' substituted by `hsb' on input line 1369.
Package xcolor Info: Model `HSB' substituted by `hsb' on input line 1370.
Package xcolor Info: Model `Gray' substituted by `gray' on input line 1371.
Package xcolor Info: Model `wave' substituted by `hsb' on input line 1372.
)
(C:\Users\Admin\AppData\Local\Programs\MiKTeX\tex/generic/pgf/basiclayer\pgfcor
e.code.tex
Package: pgfcore 2025-08-29 v3.1.11a (3.1.11a)

(C:\Users\Admin\AppData\Local\Programs\MiKTeX\tex/generic/pgf/math\pgfmath.code
.tex
(C:\Users\Admin\AppData\Local\Programs\MiKTeX\tex/generic/pgf/math\pgfmathutil.
code.tex)
(C:\Users\Admin\AppData\Local\Programs\MiKTeX\tex/generic/pgf/math\pgfmathparse
r.code.tex
\pgfmath@dimen=\dimen277
\pgfmath@count=\count330
\pgfmath@box=\box115
\pgfmath@toks=\toks45
\pgfmath@stack@operand=\toks46
\pgfmath@stack@operation=\toks47
)
(C:\Users\Admin\AppData\Local\Programs\MiKTeX\tex/generic/pgf/math\pgfmathfunct
ions.code.tex)
(C:\Users\Admin\AppData\Local\Programs\MiKTeX\tex/generic/pgf/math\pgfmathfunct
ions.basic.code.tex)
(C:\Users\Admin\AppData\Local\Programs\MiKTeX\tex/generic/pgf/math\pgfmathfunct
ions.trigonometric.code.tex)
(C:\Users\Admin\AppData\Local\Programs\MiKTeX\tex/generic/pgf/math\pgfmathfunct
ions.random.code.tex)
(C:\Users\Admin\AppData\Local\Programs\MiKTeX\tex/generic/pgf/math\pgfmathfunct
ions.comparison.code.tex)
(C:\Users\Admin\AppData\Local\Programs\MiKTeX\tex/generic/pgf/math\pgfmathfunct
ions.base.code.tex)
(C:\Users\Admin\AppData\Local\Programs\MiKTeX\tex/generic/pgf/math\pgfmathfunct
ions.round.code.tex)
(C:\Users\Admin\AppData\Local\Programs\MiKTeX\tex/generic/pgf/math\pgfmathfunct
ions.misc.code.tex)
(C:\Users\Admin\AppData\Local\Programs\MiKTeX\tex/generic/pgf/math\pgfmathfunct
ions.integerarithmetics.code.tex)
(C:\Users\Admin\AppData\Local\Programs\MiKTeX\tex/generic/pgf/math\pgfmathcalc.
code.tex)
(C:\Users\Admin\AppData\Local\Programs\MiKTeX\tex/generic/pgf/math\pgfmathfloat
.code.tex
\c@pgfmathroundto@lastzeros=\count331
))
(C:\Users\Admin\AppData\Local\Programs\MiKTeX\tex/generic/pgf/math\pgfint.code.
tex)
(C:\Users\Admin\AppData\Local\Programs\MiKTeX\tex/generic/pgf/basiclayer\pgfcor
epoints.code.tex
File: pgfcorepoints.code.tex 2025-08-29 v3.1.11a (3.1.11a)
\pgf@picminx=\dimen278
\pgf@picmaxx=\dimen279
\pgf@picminy=\dimen280
\pgf@picmaxy=\dimen281
\pgf@pathminx=\dimen282
\pgf@pathmaxx=\dimen283
\pgf@pathminy=\dimen284
\pgf@pathmaxy=\dimen285
\pgf@xx=\dimen286
\pgf@xy=\dimen287
\pgf@yx=\dimen288
\pgf@yy=\dimen289
\pgf@zx=\dimen290
\pgf@zy=\dimen291
)
(C:\Users\Admin\AppData\Local\Programs\MiKTeX\tex/generic/pgf/basiclayer\pgfcor
epathconstruct.code.tex
File: pgfcorepathconstruct.code.tex 2025-08-29 v3.1.11a (3.1.11a)
\pgf@path@lastx=\dimen292
\pgf@path@lasty=\dimen293
)
(C:\Users\Admin\AppData\Local\Programs\MiKTeX\tex/generic/pgf/basiclayer\pgfcor
epathusage.code.tex
File: pgfcorepathusage.code.tex 2025-08-29 v3.1.11a (3.1.11a)
\pgf@shorten@end@additional=\dimen294
\pgf@shorten@start@additional=\dimen295
)
(C:\Users\Admin\AppData\Local\Programs\MiKTeX\tex/generic/pgf/basiclayer\pgfcor
escopes.code.tex
File: pgfcorescopes.code.tex 2025-08-29 v3.1.11a (3.1.11a)
\pgfpic=\box116
\pgf@hbox=\box117
\pgf@layerbox@main=\box118
\pgf@picture@serial@count=\count332
)
(C:\Users\Admin\AppData\Local\Programs\MiKTeX\tex/generic/pgf/basiclayer\pgfcor
egraphicstate.code.tex
File: pgfcoregraphicstate.code.tex 2025-08-29 v3.1.11a (3.1.11a)
\pgflinewidth=\dimen296
)
(C:\Users\Admin\AppData\Local\Programs\MiKTeX\tex/generic/pgf/basiclayer\pgfcor
etransformations.code.tex
File: pgfcoretransformations.code.tex 2025-08-29 v3.1.11a (3.1.11a)
\pgf@pt@x=\dimen297
\pgf@pt@y=\dimen298
\pgf@pt@temp=\dimen299
)
(C:\Users\Admin\AppData\Local\Programs\MiKTeX\tex/generic/pgf/basiclayer\pgfcor
equick.code.tex
File: pgfcorequick.code.tex 2025-08-29 v3.1.11a (3.1.11a)
)
(C:\Users\Admin\AppData\Local\Programs\MiKTeX\tex/generic/pgf/basiclayer\pgfcor
eobjects.code.tex
File: pgfcoreobjects.code.tex 2025-08-29 v3.1.11a (3.1.11a)
)
(C:\Users\Admin\AppData\Local\Programs\MiKTeX\tex/generic/pgf/basiclayer\pgfcor
epathprocessing.code.tex
File: pgfcorepathprocessing.code.tex 2025-08-29 v3.1.11a (3.1.11a)
)
(C:\Users\Admin\AppData\Local\Programs\MiKTeX\tex/generic/pgf/basiclayer\pgfcor
earrows.code.tex
File: pgfcorearrows.code.tex 2025-08-29 v3.1.11a (3.1.11a)
\pgfarrowsep=\dimen300
)
(C:\Users\Admin\AppData\Local\Programs\MiKTeX\tex/generic/pgf/basiclayer\pgfcor
eshade.code.tex
File: pgfcoreshade.code.tex 2025-08-29 v3.1.11a (3.1.11a)
\pgf@max=\dimen301
\pgf@sys@shading@range@num=\count333
\pgf@shadingcount=\count334
)
(C:\Users\Admin\AppData\Local\Programs\MiKTeX\tex/generic/pgf/basiclayer\pgfcor
eimage.code.tex
File: pgfcoreimage.code.tex 2025-08-29 v3.1.11a (3.1.11a)
)
(C:\Users\Admin\AppData\Local\Programs\MiKTeX\tex/generic/pgf/basiclayer\pgfcor
eexternal.code.tex
File: pgfcoreexternal.code.tex 2025-08-29 v3.1.11a (3.1.11a)
\pgfexternal@startupbox=\box119
)
(C:\Users\Admin\AppData\Local\Programs\MiKTeX\tex/generic/pgf/basiclayer\pgfcor
elayers.code.tex
File: pgfcorelayers.code.tex 2025-08-29 v3.1.11a (3.1.11a)
)
(C:\Users\Admin\AppData\Local\Programs\MiKTeX\tex/generic/pgf/basiclayer\pgfcor
etransparency.code.tex
File: pgfcoretransparency.code.tex 2025-08-29 v3.1.11a (3.1.11a)
)
(C:\Users\Admin\AppData\Local\Programs\MiKTeX\tex/generic/pgf/basiclayer\pgfcor
epatterns.code.tex
File: pgfcorepatterns.code.tex 2025-08-29 v3.1.11a (3.1.11a)
)
(C:\Users\Admin\AppData\Local\Programs\MiKTeX\tex/generic/pgf/basiclayer\pgfcor
erdf.code.tex
File: pgfcorerdf.code.tex 2025-08-29 v3.1.11a (3.1.11a)
)))
(C:\Users\Admin\AppData\Local\Programs\MiKTeX\tex/generic/pgf/modules\pgfmodule
shapes.code.tex
File: pgfmoduleshapes.code.tex 2025-08-29 v3.1.11a (3.1.11a)
\pgfnodeparttextbox=\box120
)
(C:\Users\Admin\AppData\Local\Programs\MiKTeX\tex/generic/pgf/modules\pgfmodule
plot.code.tex
File: pgfmoduleplot.code.tex 2025-08-29 v3.1.11a (3.1.11a)
)
(C:\Users\Admin\AppData\Local\Programs\MiKTeX\tex/latex/pgf/compatibility\pgfco
mp-version-0-65.sty
Package: pgfcomp-version-0-65 2025-08-29 v3.1.11a (3.1.11a)
\pgf@nodesepstart=\dimen302
\pgf@nodesepend=\dimen303
)
(C:\Users\Admin\AppData\Local\Programs\MiKTeX\tex/latex/pgf/compatibility\pgfco
mp-version-1-18.sty
Package: pgfcomp-version-1-18 2025-08-29 v3.1.11a (3.1.11a)
))
(C:\Users\Admin\AppData\Local\Programs\MiKTeX\tex/latex/pgf/utilities\pgffor.st
y
(C:\Users\Admin\AppData\Local\Programs\MiKTeX\tex/latex/pgf/utilities\pgfkeys.s
ty
(C:\Users\Admin\AppData\Local\Programs\MiKTeX\tex/generic/pgf/utilities\pgfkeys
.code.tex)) (C:\Users\Admin\AppData\Local\Programs\MiKTeX\tex/latex/pgf/math\pg
fmath.sty
(C:\Users\Admin\AppData\Local\Programs\MiKTeX\tex/generic/pgf/math\pgfmath.code
.tex))
(C:\Users\Admin\AppData\Local\Programs\MiKTeX\tex/generic/pgf/utilities\pgffor.
code.tex
Package: pgffor 2025-08-29 v3.1.11a (3.1.11a)
\pgffor@iter=\dimen304
\pgffor@skip=\dimen305
\pgffor@stack=\toks48
\pgffor@toks=\toks49
))
(C:\Users\Admin\AppData\Local\Programs\MiKTeX\tex/generic/pgf/frontendlayer/tik
z\tikz.code.tex
Package: tikz 2025-08-29 v3.1.11a (3.1.11a)

(C:\Users\Admin\AppData\Local\Programs\MiKTeX\tex/generic/pgf/libraries\pgflibr
aryplothandlers.code.tex
File: pgflibraryplothandlers.code.tex 2025-08-29 v3.1.11a (3.1.11a)
\pgf@plot@mark@count=\count335
\pgfplotmarksize=\dimen306
)
\tikz@lastx=\dimen307
\tikz@lasty=\dimen308
\tikz@lastxsaved=\dimen309
\tikz@lastysaved=\dimen310
\tikz@lastmovetox=\dimen311
\tikz@lastmovetoy=\dimen312
\tikzleveldistance=\dimen313
\tikzsiblingdistance=\dimen314
\tikz@figbox=\box121
\tikz@figbox@bg=\box122
\tikz@tempbox=\box123
\tikz@tempbox@bg=\box124
\tikztreelevel=\count336
\tikznumberofchildren=\count337
\tikznumberofcurrentchild=\count338
\tikz@fig@count=\count339

(C:\Users\Admin\AppData\Local\Programs\MiKTeX\tex/generic/pgf/modules\pgfmodule
matrix.code.tex
File: pgfmodulematrix.code.tex 2025-08-29 v3.1.11a (3.1.11a)
\pgfmatrixcurrentrow=\count340
\pgfmatrixcurrentcolumn=\count341
\pgf@matrix@numberofcolumns=\count342
)
\tikz@expandcount=\count343

(C:\Users\Admin\AppData\Local\Programs\MiKTeX\tex/generic/pgf/frontendlayer/tik
z/libraries\tikzlibrarytopaths.code.tex
File: tikzlibrarytopaths.code.tex 2025-08-29 v3.1.11a (3.1.11a)
)))
(C:\Users\Admin\AppData\Local\Programs\MiKTeX\tex/latex/mdframed\md-frame-1.mdf
File: md-frame-1.mdf 2013/07/01\ 1.9b: md-frame-1
)
\mdf@frametitlebox=\box125
\mdf@footnotebox=\box126
\mdf@splitbox@one=\box127
\mdf@splitbox@two=\box128
\mdf@splitbox@save=\box129
\mdfsplitboxwidth=\skip123
\mdfsplitboxtotalwidth=\skip124
\mdfsplitboxheight=\skip125
\mdfsplitboxdepth=\skip126
\mdfsplitboxtotalheight=\skip127
\mdfframetitleboxwidth=\skip128
\mdfframetitleboxtotalwidth=\skip129
\mdfframetitleboxheight=\skip130
\mdfframetitleboxdepth=\skip131
\mdfframetitleboxtotalheight=\skip132
\mdffootnoteboxwidth=\skip133
\mdffootnoteboxtotalwidth=\skip134
\mdffootnoteboxheight=\skip135
\mdffootnoteboxdepth=\skip136
\mdffootnoteboxtotalheight=\skip137
\mdftotallinewidth=\skip138
\mdfboundingboxwidth=\skip139
\mdfboundingboxtotalwidth=\skip140
\mdfboundingboxheight=\skip141
\mdfboundingboxdepth=\skip142
\mdfboundingboxtotalheight=\skip143
\mdf@freevspace@length=\skip144
\mdf@horizontalwidthofbox@length=\skip145
\mdf@verticalmarginwhole@length=\skip146
\mdf@horizontalspaceofbox=\skip147
\mdfsubtitleheight=\skip148
\mdfsubsubtitleheight=\skip149
\c@mdfcountframes=\count344

****** mdframed patching \endmdf@trivlist

****** -- success******

\mdf@envdepth=\count345
\c@mdf@env@i=\count346
\c@mdf@env@ii=\count347
\c@mdf@zref@counter=\count348
Package zref Info: New property: mdf@pagevalue on input line 895.
) (C:\Users\Admin\AppData\Local\Programs\MiKTeX\tex/latex/caption\caption.sty
Package: caption 2023/08/05 v3.6o Customizing captions (AR)
(C:\Users\Admin\AppData\Local\Programs\MiKTeX\tex/latex/caption\caption3.sty
Package: caption3 2023/07/31 v2.4d caption3 kernel (AR)
\caption@tempdima=\dimen315
\captionmargin=\dimen316
\caption@leftmargin=\dimen317
\caption@rightmargin=\dimen318
\caption@width=\dimen319
\caption@indent=\dimen320
\caption@parindent=\dimen321
\caption@hangindent=\dimen322
Package caption Info: Standard document class detected.
)
\c@caption@flags=\count349
\c@continuedfloat=\count350
Package caption Info: longtable package is loaded.
(C:\Users\Admin\AppData\Local\Programs\MiKTeX\tex/latex/caption\ltcaption.sty
Package: ltcaption 2021/01/08 v1.4c longtable captions (AR)
)) (C:\Users\Admin\AppData\Local\Programs\MiKTeX\tex/latex/caption\subcaption.s
ty
Package: subcaption 2023/07/28 v1.6b Sub-captions (AR)
Package caption Info: New subtype `subfigure' on input line 238.
\c@subfigure=\count351
Package caption Info: New subtype `subtable' on input line 238.
\c@subtable=\count352
) (C:\Users\Admin\AppData\Local\Programs\MiKTeX\tex/latex/lastpage\lastpage.sty
Package: lastpage 2025/08/14 v2.1h lastpage: 2.09 or 2e? (HMM)

(C:\Users\Admin\AppData\Local\Programs\MiKTeX\tex/latex/lastpage\lastpage2e.sty
Package: lastpage2e 2025/08/14 v2.1h Decide which 2e lastpage version to use (H
MM)

(C:\Users\Admin\AppData\Local\Programs\MiKTeX\tex/latex/lastpage\lastpagemodern
.sty
Package: lastpagemodern 2025-08-14 v2.1h Refers to last page's name (HMM; JPG)
\c@lastpagecount=\count353
) 
)) (C:\Users\Admin\AppData\Local\Programs\MiKTeX\tex/latex/tools\enumerate.sty
Package: enumerate 2023/07/04 v3.00 enumerate extensions (DPC)
\@enLab=\toks50
) (C:\Users\Admin\AppData\Local\Programs\MiKTeX\tex/latex/fancyvrb\fancyvrb.sty
Package: fancyvrb 2026/04/16 4.6a verbatim text (tvz,hv)
\FV@CodeLineNo=\count354
\FV@InFile=\read3
\FV@TabBox=\box130
\c@FancyVerbLine=\count355
\FV@StepNumber=\count356
\FV@OutFile=\write4
) (C:\Users\Admin\AppData\Local\Programs\MiKTeX\tex/latex/fvextra\fvextra.sty
Package: fvextra 2026/02/25 v1.14.0 fvextra - extensions and patches for fancyv
rb
(C:\Users\Admin\AppData\Local\Programs\MiKTeX\tex/latex/upquote\upquote.sty
Package: upquote 2012/04/19 v1.3 upright-quote and grave-accent glyphs in verba
tim
) (C:\Users\Admin\AppData\Local\Programs\MiKTeX\tex/latex/lineno\lineno.sty
Package: lineno 2026/03/08 line numbers on paragraphs v5.9
\linenopenalty=\count357
\output=\toks51
\linenoprevgraf=\count358
\linenumbersep=\dimen323
\linenumberwidth=\dimen324
\c@linenumber=\count359
\c@pagewiselinenumber=\count360
\c@LN@truepage=\count361
\c@internallinenumber=\count362
\c@internallinenumbers=\count363
\quotelinenumbersep=\dimen325
\bframerule=\dimen326
\bframesep=\dimen327
\bframebox=\box131
\@LN@amsmath@ams@eqpen=\count364
)
\c@FancyVerbWriteLine=\count365
\c@FancyVerbBufferLine=\count366
\c@FV@TrueTabGroupLevel=\count367
\c@FV@TrueTabCounter=\count368
\FV@TabBox@Group=\box132
\FV@bgcolorstructbox=\box133
\FV@TmpLength=\skip150
\c@FV@HighlightLinesStart=\count369
\c@FV@HighlightLinesStop=\count370
\FV@LoopCount=\count371
\FV@NCharsBox=\box134
\FV@BreakIndent=\dimen328
\FV@BreakIndentNChars=\count372
\FV@BreakSymbolSepLeft=\dimen329
\FV@BreakSymbolSepLeftNChars=\count373
\FV@BreakSymbolSepRight=\dimen330
\FV@BreakSymbolSepRightNChars=\count374
\FV@BreakSymbolIndentLeft=\dimen331
\FV@BreakSymbolIndentLeftNChars=\count375
\FV@BreakSymbolIndentRight=\dimen332
\FV@BreakSymbolIndentRightNChars=\count376
\c@FancyVerbLineBreakLast=\count377
\FV@LineBox=\box135
\FV@LineIndentBox=\box136
\c@FV@BreakBufferDepth=\count378
\FV@LineWidth=\dimen333
)
\pandoc@box=\box137
(C:\Users\Admin\AppData\Local\Programs\MiKTeX\tex/latex/pdfpages\pdfpages.sty
Package: pdfpages 2026/03/30 v0.6h Insert pages of external PDF documents (AM)
(C:\Users\Admin\AppData\Local\Programs\MiKTeX\tex/latex/eso-pic\eso-pic.sty
Package: eso-pic 2026/05/31 v3.0e eso-pic (RN)
\ESO@tempdima=\dimen334
\ESO@tempdimb=\dimen335
)
\AM@pagewidth=\dimen336
\AM@pageheight=\dimen337
\AM@fboxrule=\dimen338
(C:\Users\Admin\AppData\Local\Programs\MiKTeX\tex/latex/pdfpages\pppdftex.def
File: pppdftex.def 2026/03/30 v0.6h Pdfpages driver for pdfTeX (AM)
)
\pdfpages@includegraphics@status=\count379
\AM@pagebox=\box138
\AM@global@opts=\toks52
\AM@pagecnt=\count380
\AM@toc@title=\toks53
\AM@lof@heading=\toks54
\c@AM@survey=\count381
\AM@templatesizebox=\box139
) (C:\Users\Admin\AppData\Local\Programs\MiKTeX\tex/latex/float\float.sty
Package: float 2001/11/08 v1.3d Float enhancements (AL)
\c@float@type=\count382
\float@exts=\toks55
\float@box=\box140
\@float@everytoks=\toks56
\@floatcapt=\box141
) (C:\Users\Admin\AppData\Local\Programs\MiKTeX\tex/latex/tools\tabularx.sty
Package: tabularx 2023/12/11 v2.12a `tabularx' package (DPC)
\TX@col@width=\dimen339
\TX@old@table=\dimen340
\TX@old@col=\dimen341
\TX@target=\dimen342
\TX@delta=\dimen343
\TX@cols=\count383
\TX@ftn=\toks57
) (C:\Users\Admin\AppData\Local\Programs\MiKTeX\tex/latex/multirow\multirow.sty
Package: multirow 2024/11/12 v2.9 Span multiple rows of a table
\multirow@colwidth=\skip151
\multirow@cntb=\count384
\multirow@dima=\skip152
\bigstrutjot=\dimen344
) (C:\Users\Admin\AppData\Local\Programs\MiKTeX\tex/latex/graphics\rotating.sty
Package: rotating 2025/01/14 v2.16e rotated objects in LaTeX
\c@r@tfl@t=\count385
\rotFPtop=\skip153
\rotFPbot=\skip154
\rot@float@box=\box142
\rot@mess@toks=\toks58
) (C:\Users\Admin\AppData\Local\Programs\MiKTeX\tex/latex/geometry\geometry.sty
Package: geometry 2026/03/07 v6.0 Page Geometry
(C:\Users\Admin\AppData\Local\Programs\MiKTeX\tex/generic/iftex\ifvtex.sty
Package: ifvtex 2019/10/25 v1.7 ifvtex legacy package. Use iftex instead.
)
\Gm@cnth=\count386
\Gm@cntv=\count387
\c@Gm@tempcnt=\count388
\Gm@bindingoffset=\dimen345
\Gm@wd@mp=\dimen346
\Gm@odd@mp=\dimen347
\Gm@even@mp=\dimen348
\Gm@layoutwidth=\dimen349
\Gm@layoutheight=\dimen350
\Gm@layouthoffset=\dimen351
\Gm@layoutvoffset=\dimen352
\Gm@dimlist=\toks59
(C:\Users\Admin\AppData\Local\Programs\MiKTeX\tex/latex/geometry\geometry.cfg))
(C:\Users\Admin\AppData\Local\Programs\MiKTeX\tex/latex/setspace\setspace.sty
Package: setspace 2022/12/04 v6.7b set line spacing
) (C:\Users\Admin\AppData\Local\Programs\MiKTeX\tex/latex/url\url.sty
\Urlmuskip=\muskip18
Package: url 2013/09/16  ver 3.4  Verb mode for urls, etc.
)
(C:\Users\Admin\AppData\Local\Programs\MiKTeX\tex/generic/pgf/frontendlayer/tik
z/libraries\tikzlibraryarrows.code.tex
File: tikzlibraryarrows.code.tex 2025-08-29 v3.1.11a (3.1.11a)

(C:\Users\Admin\AppData\Local\Programs\MiKTeX\tex/generic/pgf/libraries\pgflibr
aryarrows.code.tex
File: pgflibraryarrows.code.tex 2025-08-29 v3.1.11a (3.1.11a)
\arrowsize=\dimen353
))
(C:\Users\Admin\AppData\Local\Programs\MiKTeX\tex/generic/pgf/frontendlayer/tik
z/libraries\tikzlibrarysnakes.code.tex
File: tikzlibrarysnakes.code.tex 2025-08-29 v3.1.11a (3.1.11a)

Package pgf Warning: Snakes have been superseded by decorations. Please use the
 decoration libraries instead of the snakes library on input line 14.


(C:\Users\Admin\AppData\Local\Programs\MiKTeX\tex/generic/pgf/frontendlayer/tik
z/libraries\tikzlibrarydecorations.pathmorphing.code.tex
(C:\Users\Admin\AppData\Local\Programs\MiKTeX\tex/generic/pgf/frontendlayer/tik
z/libraries\tikzlibrarydecorations.code.tex
(C:\Users\Admin\AppData\Local\Programs\MiKTeX\tex/generic/pgf/modules\pgfmodule
decorations.code.tex
\pgfdecoratedcompleteddistance=\dimen354
\pgfdecoratedremainingdistance=\dimen355
\pgfdecoratedinputsegmentcompleteddistance=\dimen356
\pgfdecoratedinputsegmentremainingdistance=\dimen357
\pgf@decorate@distancetomove=\dimen358
\pgf@decorate@repeatstate=\count389
\pgfdecorationsegmentamplitude=\dimen359
\pgfdecorationsegmentlength=\dimen360
)
\tikz@lib@dec@box=\box143
)
(C:\Users\Admin\AppData\Local\Programs\MiKTeX\tex/generic/pgf/libraries/decorat
ions\pgflibrarydecorations.pathmorphing.code.tex))
(C:\Users\Admin\AppData\Local\Programs\MiKTeX\tex/generic/pgf/frontendlayer/tik
z/libraries\tikzlibrarydecorations.pathreplacing.code.tex
(C:\Users\Admin\AppData\Local\Programs\MiKTeX\tex/generic/pgf/libraries/decorat
ions\pgflibrarydecorations.pathreplacing.code.tex))
(C:\Users\Admin\AppData\Local\Programs\MiKTeX\tex/generic/pgf/frontendlayer/tik
z/libraries\tikzlibrarydecorations.shapes.code.tex
(C:\Users\Admin\AppData\Local\Programs\MiKTeX\tex/generic/pgf/libraries/decorat
ions\pgflibrarydecorations.shapes.code.tex)))
(C:\Users\Admin\AppData\Local\Programs\MiKTeX\tex/generic/pgf/frontendlayer/tik
z/libraries\tikzlibrarybackgrounds.code.tex
File: tikzlibrarybackgrounds.code.tex 2025-08-29 v3.1.11a (3.1.11a)
\pgf@layerbox@background=\box144
\pgf@layerboxsaved@background=\box145
)
(C:\Users\Admin\AppData\Local\Programs\MiKTeX\tex/generic/pgf/frontendlayer/tik
z/libraries\tikzlibrarycalc.code.tex
File: tikzlibrarycalc.code.tex 2025-08-29 v3.1.11a (3.1.11a)
) (C:\Users\Admin\AppData\Local\Programs\MiKTeX\tex/latex/hyperref\hyperref.sty
Package: hyperref 2025-07-12 v7.01o Hypertext links for LaTeX

(C:\Users\Admin\AppData\Local\Programs\MiKTeX\tex/generic/pdfescape\pdfescape.s
ty
Package: pdfescape 2019/12/09 v1.15 Implements pdfTeX's escape features (HO)
) (C:\Users\Admin\AppData\Local\Programs\MiKTeX\tex/latex/hycolor\hycolor.sty
Package: hycolor 2020-01-27 v1.10 Color options for hyperref/bookmark (HO)
) (C:\Users\Admin\AppData\Local\Programs\MiKTeX\tex/latex/hyperref\nameref.sty
Package: nameref 2025-06-21 v2.57 Cross-referencing by name of section
(C:\Users\Admin\AppData\Local\Programs\MiKTeX\tex/latex/refcount\refcount.sty
Package: refcount 2019/12/15 v3.6 Data extraction from label references (HO)
)
(C:\Users\Admin\AppData\Local\Programs\MiKTeX\tex/generic/gettitlestring\gettit
lestring.sty
Package: gettitlestring 2019/12/15 v1.6 Cleanup title references (HO)
)
\c@section@level=\count390
)
(C:\Users\Admin\AppData\Local\Programs\MiKTeX\tex/generic/stringenc\stringenc.s
ty
Package: stringenc 2019/11/29 v1.12 Convert strings between diff. encodings (HO
)
)
\@linkdim=\dimen361
\Hy@linkcounter=\count391
\Hy@pagecounter=\count392
(C:\Users\Admin\AppData\Local\Programs\MiKTeX\tex/latex/hyperref\pd1enc.def
File: pd1enc.def 2025-07-12 v7.01o Hyperref: PDFDocEncoding definition (HO)
Now handling font encoding PD1 ...
... no UTF-8 mapping file for font encoding PD1
) (C:\Users\Admin\AppData\Local\Programs\MiKTeX\tex/generic/intcalc\intcalc.sty
Package: intcalc 2019/12/15 v1.3 Expandable calculations with integers (HO)
)
\Hy@SavedSpaceFactor=\count393
(C:\Users\Admin\AppData\Local\Programs\MiKTeX\tex/latex/hyperref\puenc.def
File: puenc.def 2025-07-12 v7.01o Hyperref: PDF Unicode definition (HO)
Now handling font encoding PU ...
... no UTF-8 mapping file for font encoding PU
)
Package hyperref Info: Option `unicode' set `true' on input line 4066.
Package hyperref Info: Hyper figures OFF on input line 4195.
Package hyperref Info: Link nesting OFF on input line 4200.
Package hyperref Info: Hyper index ON on input line 4203.
Package hyperref Info: Plain pages OFF on input line 4210.
Package hyperref Info: Backreferencing OFF on input line 4215.
Package hyperref Info: Implicit mode ON; LaTeX internals redefined.
Package hyperref Info: Bookmarks ON on input line 4462.
\c@Hy@tempcnt=\count394
LaTeX Info: Redefining \url on input line 4801.
\XeTeXLinkMargin=\dimen362
(C:\Users\Admin\AppData\Local\Programs\MiKTeX\tex/generic/bitset\bitset.sty
Package: bitset 2019/12/09 v1.3 Handle bit-vector datatype (HO)

(C:\Users\Admin\AppData\Local\Programs\MiKTeX\tex/generic/bigintcalc\bigintcalc
.sty
Package: bigintcalc 2019/12/15 v1.5 Expandable calculations on big integers (HO
)
))
\Fld@menulength=\count395
\Field@Width=\dimen363
\Fld@charsize=\dimen364
Package hyperref Info: Hyper figures OFF on input line 6078.
Package hyperref Info: Link nesting OFF on input line 6083.
Package hyperref Info: Hyper index ON on input line 6086.
Package hyperref Info: backreferencing OFF on input line 6093.
Package hyperref Info: Link coloring OFF on input line 6098.
Package hyperref Info: Link coloring with OCG OFF on input line 6103.
Package hyperref Info: PDF/A mode OFF on input line 6108.
\Hy@abspage=\count396
\c@Item=\count397
\c@Hfootnote=\count398
)
Package hyperref Info: Driver (autodetected): hpdftex.
(C:\Users\Admin\AppData\Local\Programs\MiKTeX\tex/latex/hyperref\hpdftex.def
File: hpdftex.def 2025-07-12 v7.01o Hyperref driver for pdfTeX
\HyAnn@Count=\count399
\Fld@listcount=\count400
\c@bookmark@seq@number=\count401

(C:\Users\Admin\AppData\Local\Programs\MiKTeX\tex/latex/rerunfilecheck\rerunfil
echeck.sty
Package: rerunfilecheck 2025-06-21 v1.11 Rerun checks for auxiliary files (HO)

(C:\Users\Admin\AppData\Local\Programs\MiKTeX\tex/generic/uniquecounter\uniquec
ounter.sty
Package: uniquecounter 2019/12/15 v1.4 Provide unlimited unique counter (HO)
)
Package uniquecounter Info: New unique counter `rerunfilecheck' on input line 2
84.
)
\Hy@SectionHShift=\skip155
)
Package hyperref Info: Option `colorlinks' set `true' on input line 91.
(C:\Users\Admin\AppData\Local\Programs\MiKTeX\tex/latex/listings\listings.sty
\lst@mode=\count402
\lst@gtempboxa=\box146
\lst@token=\toks60
\lst@length=\count403
\lst@currlwidth=\dimen365
\lst@column=\count404
\lst@pos=\count405
\lst@lostspace=\dimen366
\lst@width=\dimen367
\lst@newlines=\count406
\lst@lineno=\count407
\lst@maxwidth=\dimen368
(C:\Users\Admin\AppData\Local\Programs\MiKTeX\tex/latex/listings\lstpatch.sty
File: lstpatch.sty 2025/11/14 1.11b (Carsten Heinz)
) (C:\Users\Admin\AppData\Local\Programs\MiKTeX\tex/latex/listings\lstmisc.sty
File: lstmisc.sty 2025/11/14 1.11b (Carsten Heinz)
\c@lstnumber=\count408
\lst@skipnumbers=\count409
\lst@framebox=\box147
) (C:\Users\Admin\AppData\Local\Programs\MiKTeX\tex/latex/listings\listings.cfg
File: listings.cfg 2025/11/14 1.11b listings configuration
))
Package: listings 2025/11/14 1.11b (Carsten Heinz)
==> First Aid for listings.sty no longer applied!
    Expected:
        2024/09/23 1.10c (Carsten Heinz)
    but found:
        2025/11/14 1.11b (Carsten Heinz)
    so I'm assuming it got fixed.
(C:\Users\Admin\AppData\Local\Programs\MiKTeX\tex/latex/grffile\grffile.sty
Package: grffile 2019/11/11 v2.1 Extended file name support for graphics (legac
y)
Package grffile Info: This package is an empty stub for compatibility on input 
line 40.
)
\c@subsubsubsection=\count410
LaTeX Font Info:    Trying to load font information for T5+ptm on input line 17
9.
(C:\Users\Admin\AppData\Local\Programs\MiKTeX\tex/latex/vntex\t5ptm.fd
File: t5utm.fd 2005/08/24 Fontinst v1.929 font definitions for T5/ptm.
) (main_en.aux)
\openout1 = `main_en.aux'.

LaTeX Font Info:    Checking defaults for OML/cmm/m/it on input line 179.
LaTeX Font Info:    ... okay on input line 179.
LaTeX Font Info:    Checking defaults for OMS/cmsy/m/n on input line 179.
LaTeX Font Info:    ... okay on input line 179.
LaTeX Font Info:    Checking defaults for OT1/cmr/m/n on input line 179.
LaTeX Font Info:    ... okay on input line 179.
LaTeX Font Info:    Checking defaults for T1/cmr/m/n on input line 179.
LaTeX Font Info:    ... okay on input line 179.
LaTeX Font Info:    Checking defaults for TS1/cmr/m/n on input line 179.
LaTeX Font Info:    ... okay on input line 179.
LaTeX Font Info:    Checking defaults for OMX/cmex/m/n on input line 179.
LaTeX Font Info:    ... okay on input line 179.
LaTeX Font Info:    Checking defaults for U/cmr/m/n on input line 179.
LaTeX Font Info:    ... okay on input line 179.
LaTeX Font Info:    Checking defaults for T5/cmr/m/n on input line 179.
LaTeX Font Info:    ... okay on input line 179.
LaTeX Font Info:    Checking defaults for PD1/pdf/m/n on input line 179.
LaTeX Font Info:    ... okay on input line 179.
LaTeX Font Info:    Checking defaults for PU/pdf/m/n on input line 179.
LaTeX Font Info:    ... okay on input line 179.

(C:\Users\Admin\AppData\Local\Programs\MiKTeX\tex/context/base/mkii\supp-pdf.mk
ii
[Loading MPS to PDF converter (version 2006.09.02).]
\scratchcounter=\count411
\scratchdimen=\dimen369
\scratchbox=\box148
\nofMPsegments=\count412
\nofMParguments=\count413
\everyMPshowfont=\toks61
\MPscratchCnt=\count414
\MPscratchDim=\dimen370
\MPnumerator=\count415
\makeMPintoPDFobject=\count416
\everyMPtoPDFconversion=\toks62
)
(C:\Users\Admin\AppData\Local\Programs\MiKTeX\tex/latex/epstopdf-pkg\epstopdf-b
ase.sty
Package: epstopdf-base 2020-01-24 v2.11 Base part for package epstopdf
Package epstopdf-base Info: Redefining graphics rule for `.eps' on input line 4
85.

(C:\Users\Admin\AppData\Local\Programs\MiKTeX\tex/latex/00miktex\epstopdf-sys.c
fg
File: epstopdf-sys.cfg 2021/03/18 v2.0 Configuration of epstopdf for MiKTeX
))
Package caption Info: Begin \AtBeginDocument code.
Package caption Info: float package is loaded.
Package caption Info: hyperref package is loaded.
Package caption Info: listings package is loaded.
Package caption Info: rotating package is loaded.
Package caption Info: End \AtBeginDocument code.

(C:\Users\Admin\AppData\Local\Programs\MiKTeX\tex/latex/pdflscape\pdflscape.sty
Package: pdflscape 2022-10-27 v0.13 Display of landscape pages in PDF

(C:\Users\Admin\AppData\Local\Programs\MiKTeX\tex/latex/pdflscape\pdflscape-nom
etadata.sty
Package: pdflscape-nometadata 2022-10-28 v0.13 Display of landscape pages in PD
F (HO)
(C:\Users\Admin\AppData\Local\Programs\MiKTeX\tex/latex/graphics\lscape.sty
Package: lscape 2020/05/28 v3.02 Landscape Pages (DPC)
)
Package pdflscape Info: Auto-detected driver: pdftex on input line 81.
))
*geometry* driver: auto-detecting
*geometry* detected driver: pdftex
*geometry* verbose mode - [ preamble ] result:
* driver: pdftex
* paper: a4paper
* layout: <same size as paper>
* layoutoffset:(h,v)=(0.0pt,0.0pt)
* modes: 
* h-part:(L,W,R)=(85.35826pt, 455.24408pt, 56.90553pt)
* v-part:(T,H,B)=(85.35826pt, 682.86613pt, 76.82245pt)
* \paperwidth=597.50787pt
* \paperheight=845.04684pt
* \textwidth=455.24408pt
* \textheight=682.86613pt
* \oddsidemargin=13.08827pt
* \evensidemargin=13.08827pt
* \topmargin=-43.91173pt
* \headheight=32.0pt
* \headsep=25.0pt
* \topskip=10.0pt
* \footskip=30.0pt
* \marginparwidth=54.2025pt
* \marginparsep=11.0pt
* \columnsep=10.0pt
* \skip\footins=9.0pt plus 4.0pt minus 2.0pt
* \hoffset=0.0pt
* \voffset=0.0pt
* \mag=1000
* \@twocolumnfalse
* \@twosidefalse
* \@mparswitchfalse
* \@reversemarginfalse
* (1in=72.27pt=25.4mm, 1cm=28.453pt)

Package hyperref Info: Link coloring ON on input line 179.
(main_en.out) (main_en.out)
\@outlinefile=\write5
\openout5 = `main_en.out'.

\c@lstlisting=\count417
Package hyperref Info: Option `pageanchor' set `false' on input line 183.
(M1Cover_en.tex
<Images/hcmut.png, id=146, 514.3215pt x 491.9178pt>
File: Images/hcmut.png Graphic file (type png)
<use Images/hcmut.png>
Package pdftex.def Info: Images/hcmut.png  used on input line 22.
(pdftex.def)             Requested size: 79.66406pt x 76.19392pt.
LaTeX Font Info:    Trying to load font information for OT1+ztmcm on input line
 42.
(C:\Users\Admin\AppData\Local\Programs\MiKTeX\tex/latex/psnfss\ot1ztmcm.fd
File: ot1ztmcm.fd 2000/01/03 Fontinst v1.801 font definitions for OT1/ztmcm.
)
LaTeX Font Info:    Trying to load font information for OML+ztmcm on input line
 42.
(C:\Users\Admin\AppData\Local\Programs\MiKTeX\tex/latex/psnfss\omlztmcm.fd
File: omlztmcm.fd 2000/01/03 Fontinst v1.801 font definitions for OML/ztmcm.
)
LaTeX Font Info:    Trying to load font information for OMS+ztmcm on input line
 42.
(C:\Users\Admin\AppData\Local\Programs\MiKTeX\tex/latex/psnfss\omsztmcm.fd
File: omsztmcm.fd 2000/01/03 Fontinst v1.801 font definitions for OMS/ztmcm.
)
LaTeX Font Info:    Trying to load font information for OMX+ztmcm on input line
 42.
(C:\Users\Admin\AppData\Local\Programs\MiKTeX\tex/latex/psnfss\omxztmcm.fd
File: omxztmcm.fd 2000/01/03 Fontinst v1.801 font definitions for OMX/ztmcm.
)
LaTeX Font Info:    Trying to load font information for OT1+ptm on input line 4
2.
(C:\Users\Admin\AppData\Local\Programs\MiKTeX\tex/latex/psnfss\ot1ptm.fd
File: ot1ptm.fd 2001/06/04 font definitions for OT1/ptm.
)
LaTeX Font Info:    Font shape `OT1/ptm/bx/n' in size <10> not available
(Font)              Font shape `OT1/ptm/b/n' tried instead on input line 42.
LaTeX Font Info:    Font shape `OT1/ptm/bx/n' in size <7.4> not available
(Font)              Font shape `OT1/ptm/b/n' tried instead on input line 42.
LaTeX Font Info:    Font shape `OT1/ptm/bx/n' in size <6> not available
(Font)              Font shape `OT1/ptm/b/n' tried instead on input line 42.
LaTeX Font Info:    Trying to load font information for U+lasy on input line 42
.
(C:\Users\Admin\AppData\Local\Programs\MiKTeX\tex/latex/base\ulasy.fd
File: ulasy.fd 1998/08/17 v2.2e LaTeX symbol font definitions
)
Underfull \hbox (badness 10000) in paragraph at lines 50--52

 []


Underfull \hbox (badness 10000) in paragraph at lines 53--55

 []


Underfull \hbox (badness 10000) in paragraph at lines 56--58

 []

[1

{C:/Users/Admin/AppData/Local/MiKTeX/fonts/map/pdftex/pdftex.map}{C:/Users/Admi
n/AppData/Local/Programs/MiKTeX/fonts/enc/dvips/vntex/t5.enc} <./Images/hcmut.p
ng>])
Package hyperref Info: Option `pageanchor' set `true' on input line 185.
[1] [2] (main_en.toc)
\tf@toc=\write6
\openout6 = `main_en.toc'.

File: Images/hcmut.png Graphic file (type png)
<use Images/hcmut.png>
Package pdftex.def Info: Images/hcmut.png  used on input line 204.
(pdftex.def)             Requested size: 22.75891pt x 21.76755pt.
[3

] (generated/content_body_en.tex (generated/en/1_Worklog.tex) (generated/en/1_W
orklog_1_1_Week1.tex
LaTeX Font Info:    Trying to load font information for T5+cmtt on input line 3
5.
(C:\Users\Admin\AppData\Local\Programs\MiKTeX\tex/latex/vntex\t5cmtt.fd
File: t5cmtt.fd 1999/05/25 v2.5h Standard LaTeX font definitions
)
File: Images/hcmut.png Graphic file (type png)
<use Images/hcmut.png>
Package pdftex.def Info: Images/hcmut.png  used on input line 47.
(pdftex.def)             Requested size: 22.75891pt x 21.76755pt.
[1

]
LaTeX Font Info:    Trying to load font information for TS1+ptm on input line 5
9.
(C:\Users\Admin\AppData\Local\Programs\MiKTeX\tex/latex/psnfss\ts1ptm.fd
File: ts1ptm.fd 2001/06/04 font definitions for TS1/ptm.
)
generated/en/1_Worklog_1_1_Week1.tex:168: ignored error: Infinite glue shrinkag
e found in box being split
File: Images/hcmut.png Graphic file (type png)
<use Images/hcmut.png>
Package pdftex.def Info: Images/hcmut.png  used on input line 168.
(pdftex.def)             Requested size: 22.75891pt x 21.76755pt.
[2{C:/Users/Admin/AppData/Local/Programs/MiKTeX/fonts/enc/dvips/base/8r.enc}]) 
(generated/en/1_Worklog_1_2_Week2.tex
File: Images/hcmut.png Graphic file (type png)
<use Images/hcmut.png>
Package pdftex.def Info: Images/hcmut.png  used on input line 4.
(pdftex.def)             Requested size: 22.75891pt x 21.76755pt.
[3]
generated/en/1_Worklog_1_2_Week2.tex:139: ignored error: Infinite glue shrinkag
e found in box being split
File: Images/hcmut.png Graphic file (type png)
<use Images/hcmut.png>
Package pdftex.def Info: Images/hcmut.png  used on input line 139.
(pdftex.def)             Requested size: 22.75891pt x 21.76755pt.
[4]
LaTeX Font Info:    Font shape `OT1/ptm/bx/n' in size <8> not available
(Font)              Font shape `OT1/ptm/b/n' tried instead on input line 243.
LaTeX Font Info:    Font shape `OT1/ptm/bx/n' in size <5> not available
(Font)              Font shape `OT1/ptm/b/n' tried instead on input line 243.
File: Images/hcmut.png Graphic file (type png)
<use Images/hcmut.png>
Package pdftex.def Info: Images/hcmut.png  used on input line 244.
(pdftex.def)             Requested size: 22.75891pt x 21.76755pt.
[5]) (generated/en/1_Worklog_1_3_Week3.tex
File: Images/hcmut.png Graphic file (type png)
<use Images/hcmut.png>
Package pdftex.def Info: Images/hcmut.png  used on input line 73.
(pdftex.def)             Requested size: 22.75891pt x 21.76755pt.
[6]
File: Images/hcmut.png Graphic file (type png)
<use Images/hcmut.png>
Package pdftex.def Info: Images/hcmut.png  used on input line 219.
(pdftex.def)             Requested size: 22.75891pt x 21.76755pt.
[7]) (generated/en/1_Worklog_1_4_Week4.tex
File: Images/hcmut.png Graphic file (type png)
<use Images/hcmut.png>
Package pdftex.def Info: Images/hcmut.png  used on input line 52.
(pdftex.def)             Requested size: 22.75891pt x 21.76755pt.
[8]
File: Images/hcmut.png Graphic file (type png)
<use Images/hcmut.png>
Package pdftex.def Info: Images/hcmut.png  used on input line 169.
(pdftex.def)             Requested size: 22.75891pt x 21.76755pt.
[9]
File: Images/hcmut.png Graphic file (type png)
<use Images/hcmut.png>
Package pdftex.def Info: Images/hcmut.png  used on input line 253.
(pdftex.def)             Requested size: 22.75891pt x 21.76755pt.
[10]) (generated/en/1_Worklog_1_5_Week5.tex
Overfull \hbox (33.80692pt too wide) in paragraph at lines 105--107
\T5/ptm/m/n/9 Prometheus/Grafana/Loki/Tempo/Alloy 
 []

generated/en/1_Worklog_1_5_Week5.tex:108: ignored error: Infinite glue shrinkag
e found in box being split
File: Images/hcmut.png Graphic file (type png)
<use Images/hcmut.png>
Package pdftex.def Info: Images/hcmut.png  used on input line 108.
(pdftex.def)             Requested size: 22.75891pt x 21.76755pt.
[11]
File: Images/hcmut.png Graphic file (type png)
<use Images/hcmut.png>
Package pdftex.def Info: Images/hcmut.png  used on input line 226.
(pdftex.def)             Requested size: 22.75891pt x 21.76755pt.
[12]
Underfull \hbox (badness 1655) in paragraph at lines 226--229
[]\T5/ptm/m/n/10 Evidence pend-ing: at-tach out-put from \T5/cmtt/m/n/10 script
s/k8s/deploy-local.ps1 \T5/ptm/m/n/10 or \T5/cmtt/m/n/10 scripts/k8s/deploy-
 []

) (generated/en/1_Worklog_1_6_Week6.tex
generated/en/1_Worklog_1_6_Week6.tex:107: ignored error: Infinite glue shrinkag
e found in box being split
File: Images/hcmut.png Graphic file (type png)
<use Images/hcmut.png>
Package pdftex.def Info: Images/hcmut.png  used on input line 107.
(pdftex.def)             Requested size: 22.75891pt x 21.76755pt.
[13]
File: Images/hcmut.png Graphic file (type png)
<use Images/hcmut.png>
Package pdftex.def Info: Images/hcmut.png  used on input line 222.
(pdftex.def)             Requested size: 22.75891pt x 21.76755pt.
[14]) (generated/en/1_Worklog_1_7_Week7.tex
File: Images/hcmut.png Graphic file (type png)
<use Images/hcmut.png>
Package pdftex.def Info: Images/hcmut.png  used on input line 110.
(pdftex.def)             Requested size: 22.75891pt x 21.76755pt.
[15]
File: Images/hcmut.png Graphic file (type png)
<use Images/hcmut.png>
Package pdftex.def Info: Images/hcmut.png  used on input line 211.
(pdftex.def)             Requested size: 22.75891pt x 21.76755pt.
[16]) (generated/en/1_Worklog_1_8_Week8.tex
generated/en/1_Worklog_1_8_Week8.tex:67: ignored error: Infinite glue shrinkage
 found in box being split
File: Images/hcmut.png Graphic file (type png)
<use Images/hcmut.png>
Package pdftex.def Info: Images/hcmut.png  used on input line 67.
(pdftex.def)             Requested size: 22.75891pt x 21.76755pt.
[17]
File: Images/hcmut.png Graphic file (type png)
<use Images/hcmut.png>
Package pdftex.def Info: Images/hcmut.png  used on input line 190.
(pdftex.def)             Requested size: 22.75891pt x 21.76755pt.
[18]
<../static/logs/worklog/week-08/aws/eks-runtime-pods-2026-07-28.png, id=366, 12
69.24188pt x 466.74374pt>
File: ../static/logs/worklog/week-08/aws/eks-runtime-pods-2026-07-28.png Graphi
c file (type png)
<use ../static/logs/worklog/week-08/aws/eks-runtime-pods-2026-07-28.png>
Package pdftex.def Info: ../static/logs/worklog/week-08/aws/eks-runtime-pods-20
26-07-28.png  used on input line 228.
(pdftex.def)             Requested size: 455.24179pt x 167.408pt.
<../static/logs/worklog/week-08/aws/eks-deployment-rollout-success.png, id=367,
 1284.29813pt x 227.85126pt>
File: ../static/logs/worklog/week-08/aws/eks-deployment-rollout-success.png Gra
phic file (type png)
<use ../static/logs/worklog/week-08/aws/eks-deployment-rollout-success.png>
Package pdftex.def Info: ../static/logs/worklog/week-08/aws/eks-deployment-roll
out-success.png  used on input line 234.
(pdftex.def)             Requested size: 455.23334pt x 80.76433pt.
<../static/logs/worklog/week-08/aws/ALB-target-health.png, id=368, 1283.29437pt
 x 568.1225pt>
File: ../static/logs/worklog/week-08/aws/ALB-target-health.png Graphic file (ty
pe png)
<use ../static/logs/worklog/week-08/aws/ALB-target-health.png>
Package pdftex.def Info: ../static/logs/worklog/week-08/aws/ALB-target-health.p
ng  used on input line 267.
(pdftex.def)             Requested size: 455.23001pt x 201.53319pt.
File: Images/hcmut.png Graphic file (type png)
<use Images/hcmut.png>
Package pdftex.def Info: Images/hcmut.png  used on input line 269.
(pdftex.def)             Requested size: 22.75891pt x 21.76755pt.
[19]
<../static/logs/worklog/week-08/aws/ALB-target.png, id=375, 1284.29813pt x 562.
1pt>
File: ../static/logs/worklog/week-08/aws/ALB-target.png Graphic file (type png)

<use ../static/logs/worklog/week-08/aws/ALB-target.png>
Package pdftex.def Info: ../static/logs/worklog/week-08/aws/ALB-target.png  use
d on input line 273.
(pdftex.def)             Requested size: 455.23334pt x 199.24242pt.
<../static/logs/worklog/week-08/aws/Cloudfront-evidence.png, id=376, 1261.71375
pt x 550.055pt>
File: ../static/logs/worklog/week-08/aws/Cloudfront-evidence.png Graphic file (
type png)
<use ../static/logs/worklog/week-08/aws/Cloudfront-evidence.png>
Package pdftex.def Info: ../static/logs/worklog/week-08/aws/Cloudfront-evidence
.png  used on input line 298.
(pdftex.def)             Requested size: 455.23697pt x 198.46448pt.
<../static/logs/worklog/week-08/aws/S3-evidenc.png, id=377, 1926.44719pt x 840.
89156pt>
File: ../static/logs/worklog/week-08/aws/S3-evidenc.png Graphic file (type png)

<use ../static/logs/worklog/week-08/aws/S3-evidenc.png>
Package pdftex.def Info: ../static/logs/worklog/week-08/aws/S3-evidenc.png  use
d on input line 304.
(pdftex.def)             Requested size: 455.24315pt x 198.713pt.
<../static/logs/worklog/week-08/aws/RDS-health.png, id=378, 1244.14813pt x 277.
035pt>
File: ../static/logs/worklog/week-08/aws/RDS-health.png Graphic file (type png)

<use ../static/logs/worklog/week-08/aws/RDS-health.png>
Package pdftex.def Info: ../static/logs/worklog/week-08/aws/RDS-health.png  use
d on input line 319.
(pdftex.def)             Requested size: 455.23985pt x 101.36844pt.
<../static/logs/worklog/week-08/aws/REDIS-health.png, id=379, 1251.67625pt x 25
0.43562pt>
File: ../static/logs/worklog/week-08/aws/REDIS-health.png Graphic file (type pn
g)
<use ../static/logs/worklog/week-08/aws/REDIS-health.png>
Package pdftex.def Info: ../static/logs/worklog/week-08/aws/REDIS-health.png  u
sed on input line 334.
(pdftex.def)             Requested size: 455.24417pt x 91.08533pt.
File: Images/hcmut.png Graphic file (type png)
<use Images/hcmut.png>
Package pdftex.def Info: Images/hcmut.png  used on input line 360.
(pdftex.def)             Requested size: 22.75891pt x 21.76755pt.
[20 <../static/logs/worklog/week-08/aws/eks-runtime-pods-2026-07-28.png> <../st
atic/logs/worklog/week-08/aws/eks-deployment-rollout-success.png>]
File: Images/hcmut.png Graphic file (type png)
<use Images/hcmut.png>
Package pdftex.def Info: Images/hcmut.png  used on input line 360.
(pdftex.def)             Requested size: 22.75891pt x 21.76755pt.
[21 <../static/logs/worklog/week-08/aws/ALB-target-health.png> <../static/logs/
worklog/week-08/aws/ALB-target.png>]
File: Images/hcmut.png Graphic file (type png)
<use Images/hcmut.png>
Package pdftex.def Info: Images/hcmut.png  used on input line 360.
(pdftex.def)             Requested size: 22.75891pt x 21.76755pt.
[22 <../static/logs/worklog/week-08/aws/Cloudfront-evidence.png> <../static/log
s/worklog/week-08/aws/S3-evidenc.png> <../static/logs/worklog/week-08/aws/RDS-h
ealth.png>]
<../static/logs/worklog/week-08/aws/DynamoDB-evidenc.png, id=411, 1282.7925pt x
 411.5375pt>
File: ../static/logs/worklog/week-08/aws/DynamoDB-evidenc.png Graphic file (typ
e png)
<use ../static/logs/worklog/week-08/aws/DynamoDB-evidenc.png>
Package pdftex.def Info: ../static/logs/worklog/week-08/aws/DynamoDB-evidenc.pn
g  used on input line 363.
(pdftex.def)             Requested size: 455.22815pt x 146.04346pt.
<../static/logs/worklog/week-08/aws/SQS-evidence.png, id=412, 1279.78125pt x 26
6.9975pt>
File: ../static/logs/worklog/week-08/aws/SQS-evidence.png Graphic file (type pn
g)
<use ../static/logs/worklog/week-08/aws/SQS-evidence.png>
Package pdftex.def Info: ../static/logs/worklog/week-08/aws/SQS-evidence.png  u
sed on input line 388.
(pdftex.def)             Requested size: 455.2531pt x 94.97829pt.
<../static/logs/worklog/week-08/aws/lambda.png, id=413, 1254.6875pt x 561.59813
pt>
File: ../static/logs/worklog/week-08/aws/lambda.png Graphic file (type png)
<use ../static/logs/worklog/week-08/aws/lambda.png>
Package pdftex.def Info: ../static/logs/worklog/week-08/aws/lambda.png  used on
 input line 414.
(pdftex.def)             Requested size: 455.24812pt x 203.76906pt.
File: Images/hcmut.png Graphic file (type png)
<use Images/hcmut.png>
Package pdftex.def Info: Images/hcmut.png  used on input line 416.
(pdftex.def)             Requested size: 22.75891pt x 21.76755pt.
[23 <../static/logs/worklog/week-08/aws/REDIS-health.png> <../static/logs/workl
og/week-08/aws/DynamoDB-evidenc.png> <../static/logs/worklog/week-08/aws/SQS-ev
idence.png>]
<../static/logs/worklog/week-08/aws/Lambda-evidence.png, id=425, 1265.22687pt x
 560.59438pt>
File: ../static/logs/worklog/week-08/aws/Lambda-evidence.png Graphic file (type
 png)
<use ../static/logs/worklog/week-08/aws/Lambda-evidence.png>
Package pdftex.def Info: ../static/logs/worklog/week-08/aws/Lambda-evidence.png
  used on input line 420.
(pdftex.def)             Requested size: 455.23035pt x 201.7026pt.
<../static/logs/worklog/week-08/aws/lambda-cloudwatch-evidence.png, id=426, 127
9.78125pt x 465.74pt>
File: ../static/logs/worklog/week-08/aws/lambda-cloudwatch-evidence.png Graphic
 file (type png)
<use ../static/logs/worklog/week-08/aws/lambda-cloudwatch-evidence.png>
Package pdftex.def Info: ../static/logs/worklog/week-08/aws/lambda-cloudwatch-e
vidence.png  used on input line 426.
(pdftex.def)             Requested size: 455.2531pt x 165.67642pt.
<../static/logs/worklog/week-08/aws/sagemaker-health.png, id=427, 1248.665pt x 
223.33438pt>
File: ../static/logs/worklog/week-08/aws/sagemaker-health.png Graphic file (typ
e png)
<use ../static/logs/worklog/week-08/aws/sagemaker-health.png>
Package pdftex.def Info: ../static/logs/worklog/week-08/aws/sagemaker-health.pn
g  used on input line 440.
(pdftex.def)             Requested size: 455.23499pt x 81.42265pt.
<../static/logs/worklog/week-08/aws/total-cost-july.png, id=428, 1269.24188pt x
 551.56062pt>
File: ../static/logs/worklog/week-08/aws/total-cost-july.png Graphic file (type
 png)
<use ../static/logs/worklog/week-08/aws/total-cost-july.png>
Package pdftex.def Info: ../static/logs/worklog/week-08/aws/total-cost-july.png
  used on input line 463.
(pdftex.def)             Requested size: 455.24179pt x 197.82947pt.
<../static/logs/worklog/week-08/aws/Cost-evidence.png, id=429, 1284.29813pt x 5
48.0475pt>
File: ../static/logs/worklog/week-08/aws/Cost-evidence.png Graphic file (type p
ng)
<use ../static/logs/worklog/week-08/aws/Cost-evidence.png>
Package pdftex.def Info: ../static/logs/worklog/week-08/aws/Cost-evidence.png  
used on input line 469.
(pdftex.def)             Requested size: 455.23334pt x 194.26135pt.
File: Images/hcmut.png Graphic file (type png)
<use Images/hcmut.png>
Package pdftex.def Info: Images/hcmut.png  used on input line 493.
(pdftex.def)             Requested size: 22.75891pt x 21.76755pt.
[24 <../static/logs/worklog/week-08/aws/lambda.png> <../static/logs/worklog/wee
k-08/aws/Lambda-evidence.png>]
File: Images/hcmut.png Graphic file (type png)
<use Images/hcmut.png>
Package pdftex.def Info: Images/hcmut.png  used on input line 493.
(pdftex.def)             Requested size: 22.75891pt x 21.76755pt.
[25 <../static/logs/worklog/week-08/aws/lambda-cloudwatch-evidence.png> <../sta
tic/logs/worklog/week-08/aws/sagemaker-health.png> <../static/logs/worklog/week
-08/aws/total-cost-july.png>]
File: Images/hcmut.png Graphic file (type png)
<use Images/hcmut.png>
Package pdftex.def Info: Images/hcmut.png  used on input line 586.
(pdftex.def)             Requested size: 22.75891pt x 21.76755pt.
[26 <../static/logs/worklog/week-08/aws/Cost-evidence.png>]
generated/en/1_Worklog_1_8_Week8.tex:672: ignored error: Infinite glue shrinkag
e found in box being split
File: Images/hcmut.png Graphic file (type png)
<use Images/hcmut.png>
Package pdftex.def Info: Images/hcmut.png  used on input line 672.
(pdftex.def)             Requested size: 22.75891pt x 21.76755pt.
[27]
File: Images/hcmut.png Graphic file (type png)
<use Images/hcmut.png>
Package pdftex.def Info: Images/hcmut.png  used on input line 782.
(pdftex.def)             Requested size: 22.75891pt x 21.76755pt.
[28])
File: Images/hcmut.png Graphic file (type png)
<use Images/hcmut.png>
Package pdftex.def Info: Images/hcmut.png  used on input line 33.
(pdftex.def)             Requested size: 22.75891pt x 21.76755pt.
[29] (generated/en/2_Proposal.tex
File: Images/hcmut.png Graphic file (type png)
<use Images/hcmut.png>
Package pdftex.def Info: Images/hcmut.png  used on input line 127.
(pdftex.def)             Requested size: 22.75891pt x 21.76755pt.
[30]
File: Images/hcmut.png Graphic file (type png)
<use Images/hcmut.png>
Package pdftex.def Info: Images/hcmut.png  used on input line 249.
(pdftex.def)             Requested size: 22.75891pt x 21.76755pt.
[31]
File: Images/hcmut.png Graphic file (type png)
<use Images/hcmut.png>
Package pdftex.def Info: Images/hcmut.png  used on input line 338.
(pdftex.def)             Requested size: 22.75891pt x 21.76755pt.
[32]
generated/en/2_Proposal.tex:434: ignored error: Infinite glue shrinkage found i
n box being split
File: Images/hcmut.png Graphic file (type png)
<use Images/hcmut.png>
Package pdftex.def Info: Images/hcmut.png  used on input line 434.
(pdftex.def)             Requested size: 22.75891pt x 21.76755pt.
[33]
generated/en/2_Proposal.tex:538: ignored error: Infinite glue shrinkage found i
n box being split
File: Images/hcmut.png Graphic file (type png)
<use Images/hcmut.png>
Package pdftex.def Info: Images/hcmut.png  used on input line 538.
(pdftex.def)             Requested size: 22.75891pt x 21.76755pt.
[34]
generated/en/2_Proposal.tex:631: ignored error: Infinite glue shrinkage found i
n box being split
File: Images/hcmut.png Graphic file (type png)
<use Images/hcmut.png>
Package pdftex.def Info: Images/hcmut.png  used on input line 631.
(pdftex.def)             Requested size: 22.75891pt x 21.76755pt.
[35]
generated/en/2_Proposal.tex:739: ignored error: Infinite glue shrinkage found i
n box being split
File: Images/hcmut.png Graphic file (type png)
<use Images/hcmut.png>
Package pdftex.def Info: Images/hcmut.png  used on input line 739.
(pdftex.def)             Requested size: 22.75891pt x 21.76755pt.
[36]
generated/en/2_Proposal.tex:823: ignored error: Infinite glue shrinkage found i
n box being split
File: Images/hcmut.png Graphic file (type png)
<use Images/hcmut.png>
Package pdftex.def Info: Images/hcmut.png  used on input line 823.
(pdftex.def)             Requested size: 22.75891pt x 21.76755pt.
[37]
File: Images/hcmut.png Graphic file (type png)
<use Images/hcmut.png>
Package pdftex.def Info: Images/hcmut.png  used on input line 919.
(pdftex.def)             Requested size: 22.75891pt x 21.76755pt.
[38]
File: Images/hcmut.png Graphic file (type png)
<use Images/hcmut.png>
Package pdftex.def Info: Images/hcmut.png  used on input line 1050.
(pdftex.def)             Requested size: 22.75891pt x 21.76755pt.
[39])
File: Images/hcmut.png Graphic file (type png)
<use Images/hcmut.png>
Package pdftex.def Info: Images/hcmut.png  used on input line 39.
(pdftex.def)             Requested size: 22.75891pt x 21.76755pt.
[40] (generated/en/3_BlogsPosted.tex) (generated/en/3_BlogsPosted_3_1_Blog1.tex
File: Images/hcmut.png Graphic file (type png)
<use Images/hcmut.png>
Package pdftex.def Info: Images/hcmut.png  used on input line 20.
(pdftex.def)             Requested size: 22.75891pt x 21.76755pt.
[41]) (generated/en/3_BlogsPosted_3_2_Blog2.tex
Underfull \hbox (badness 1337) in paragraph at lines 1--3
\T5/ptm/b/n/10 BUILDING A SCAL-ABLE REAL-TIME CHAT SYS-TEM WITH SOCKET.IO, RE-D
IS, AND DY-
 []

File: Images/hcmut.png Graphic file (type png)
<use Images/hcmut.png>
Package pdftex.def Info: Images/hcmut.png  used on input line 29.
(pdftex.def)             Requested size: 22.75891pt x 21.76755pt.
[42]
File: Images/hcmut.png Graphic file (type png)
<use Images/hcmut.png>
Package pdftex.def Info: Images/hcmut.png  used on input line 142.
(pdftex.def)             Requested size: 22.75891pt x 21.76755pt.
[43]
File: Images/hcmut.png Graphic file (type png)
<use Images/hcmut.png>
Package pdftex.def Info: Images/hcmut.png  used on input line 255.
(pdftex.def)             Requested size: 22.75891pt x 21.76755pt.
[44]
File: Images/hcmut.png Graphic file (type png)
<use Images/hcmut.png>
Package pdftex.def Info: Images/hcmut.png  used on input line 365.
(pdftex.def)             Requested size: 22.75891pt x 21.76755pt.
[45]
File: Images/hcmut.png Graphic file (type png)
<use Images/hcmut.png>
Package pdftex.def Info: Images/hcmut.png  used on input line 482.
(pdftex.def)             Requested size: 22.75891pt x 21.76755pt.
[46]
File: Images/hcmut.png Graphic file (type png)
<use Images/hcmut.png>
Package pdftex.def Info: Images/hcmut.png  used on input line 602.
(pdftex.def)             Requested size: 22.75891pt x 21.76755pt.
[47])
Underfull \hbox (badness 10000) in paragraph at lines 611--50
[]\T5/cmtt/m/n/10 #AWS #SocketIO #Redis #DynamoDB #AmazonEKS #RealtimeChat #Nod
eJS #Kubernetes
 []

(generated/en/3_BlogsPosted_3_3_Blog3.tex
File: Images/hcmut.png Graphic file (type png)
<use Images/hcmut.png>
Package pdftex.def Info: Images/hcmut.png  used on input line 85.
(pdftex.def)             Requested size: 22.75891pt x 21.76755pt.
[48]
File: Images/hcmut.png Graphic file (type png)
<use Images/hcmut.png>
Package pdftex.def Info: Images/hcmut.png  used on input line 195.
(pdftex.def)             Requested size: 22.75891pt x 21.76755pt.
[49]) (generated/en/3_BlogsPosted_3_4_Blog4.tex
File: Images/hcmut.png Graphic file (type png)
<use Images/hcmut.png>
Package pdftex.def Info: Images/hcmut.png  used on input line 5.
(pdftex.def)             Requested size: 22.75891pt x 21.76755pt.
[50]
File: Images/hcmut.png Graphic file (type png)
<use Images/hcmut.png>
Package pdftex.def Info: Images/hcmut.png  used on input line 114.
(pdftex.def)             Requested size: 22.75891pt x 21.76755pt.
[51]
File: Images/hcmut.png Graphic file (type png)
<use Images/hcmut.png>
Package pdftex.def Info: Images/hcmut.png  used on input line 230.
(pdftex.def)             Requested size: 22.75891pt x 21.76755pt.
[52]
File: Images/hcmut.png Graphic file (type png)
<use Images/hcmut.png>
Package pdftex.def Info: Images/hcmut.png  used on input line 350.
(pdftex.def)             Requested size: 22.75891pt x 21.76755pt.
[53]
File: Images/hcmut.png Graphic file (type png)
<use Images/hcmut.png>
Package pdftex.def Info: Images/hcmut.png  used on input line 464.
(pdftex.def)             Requested size: 22.75891pt x 21.76755pt.
[54]
File: Images/hcmut.png Graphic file (type png)
<use Images/hcmut.png>
Package pdftex.def Info: Images/hcmut.png  used on input line 581.
(pdftex.def)             Requested size: 22.75891pt x 21.76755pt.
[55])
File: Images/hcmut.png Graphic file (type png)
<use Images/hcmut.png>
Package pdftex.def Info: Images/hcmut.png  used on input line 57.
(pdftex.def)             Requested size: 22.75891pt x 21.76755pt.
[56] (generated/en/4_EventParticipated.tex) (generated/en/4_EventParticipated_4
_1_Event1.tex
File: Images/hcmut.png Graphic file (type png)
<use Images/hcmut.png>
Package pdftex.def Info: Images/hcmut.png  used on input line 11.
(pdftex.def)             Requested size: 22.75891pt x 21.76755pt.
[57]
File: Images/hcmut.png Graphic file (type png)
<use Images/hcmut.png>
Package pdftex.def Info: Images/hcmut.png  used on input line 124.
(pdftex.def)             Requested size: 22.75891pt x 21.76755pt.
[58]) (generated/en/4_EventParticipated_4_2_Event2.tex
File: Images/hcmut.png Graphic file (type png)
<use Images/hcmut.png>
Package pdftex.def Info: Images/hcmut.png  used on input line 55.
(pdftex.def)             Requested size: 22.75891pt x 21.76755pt.
[59]) (generated/en/4_EventParticipated_4_3_Event3.tex
File: Images/hcmut.png Graphic file (type png)
<use Images/hcmut.png>
Package pdftex.def Info: Images/hcmut.png  used on input line 45.
(pdftex.def)             Requested size: 22.75891pt x 21.76755pt.
[60])
File: Images/hcmut.png Graphic file (type png)
<use Images/hcmut.png>
Package pdftex.def Info: Images/hcmut.png  used on input line 72.
(pdftex.def)             Requested size: 22.75891pt x 21.76755pt.
[61] (generated/en/5_Workshop.tex
<../static/images/5-Workshop/infra.png, id=690, 2055.68pt x 1373.13pt>
File: ../static/images/5-Workshop/infra.png Graphic file (type png)
<use ../static/images/5-Workshop/infra.png>
Package pdftex.def Info: ../static/images/5-Workshop/infra.png  used on input l
ine 89.
(pdftex.def)             Requested size: 455.23088pt x 304.08pt.
File: Images/hcmut.png Graphic file (type png)
<use Images/hcmut.png>
Package pdftex.def Info: Images/hcmut.png  used on input line 174.
(pdftex.def)             Requested size: 22.75891pt x 21.76755pt.
[62]
generated/en/5_Workshop.tex:174: ignored error: Infinite glue shrinkage found i
n box being split
File: Images/hcmut.png Graphic file (type png)
<use Images/hcmut.png>
Package pdftex.def Info: Images/hcmut.png  used on input line 174.
(pdftex.def)             Requested size: 22.75891pt x 21.76755pt.
[63 <../static/images/5-Workshop/infra.png>]) (generated/en/5_Workshop_5_1_Work
shop_overview.tex
File: Images/hcmut.png Graphic file (type png)
<use Images/hcmut.png>
Package pdftex.def Info: Images/hcmut.png  used on input line 80.
(pdftex.def)             Requested size: 22.75891pt x 21.76755pt.
[64]
File: Images/hcmut.png Graphic file (type png)
<use Images/hcmut.png>
Package pdftex.def Info: Images/hcmut.png  used on input line 197.
(pdftex.def)             Requested size: 22.75891pt x 21.76755pt.
[65]) (generated/en/5_Workshop_5_2_Architecture.tex
File: Images/hcmut.png Graphic file (type png)
<use Images/hcmut.png>
Package pdftex.def Info: Images/hcmut.png  used on input line 5.
(pdftex.def)             Requested size: 22.75891pt x 21.76755pt.
[66]
File: Images/hcmut.png Graphic file (type png)
<use Images/hcmut.png>
Package pdftex.def Info: Images/hcmut.png  used on input line 110.
(pdftex.def)             Requested size: 22.75891pt x 21.76755pt.
[67]
generated/en/5_Workshop_5_2_Architecture.tex:204: ignored error: Infinite glue 
shrinkage found in box being split
File: Images/hcmut.png Graphic file (type png)
<use Images/hcmut.png>
Package pdftex.def Info: Images/hcmut.png  used on input line 204.
(pdftex.def)             Requested size: 22.75891pt x 21.76755pt.
[68]) (generated/en/5_Workshop_5_3_Prerequisites.tex
File: Images/hcmut.png Graphic file (type png)
<use Images/hcmut.png>
Package pdftex.def Info: Images/hcmut.png  used on input line 49.
(pdftex.def)             Requested size: 22.75891pt x 21.76755pt.
[69]
generated/en/5_Workshop_5_3_Prerequisites.tex:143: ignored error: Infinite glue
 shrinkage found in box being split
File: Images/hcmut.png Graphic file (type png)
<use Images/hcmut.png>
Package pdftex.def Info: Images/hcmut.png  used on input line 143.
(pdftex.def)             Requested size: 22.75891pt x 21.76755pt.
[70]
File: Images/hcmut.png Graphic file (type png)
<use Images/hcmut.png>
Package pdftex.def Info: Images/hcmut.png  used on input line 274.
(pdftex.def)             Requested size: 22.75891pt x 21.76755pt.
[71])
File: Images/hcmut.png Graphic file (type png)
<use Images/hcmut.png>
Package pdftex.def Info: Images/hcmut.png  used on input line 87.
(pdftex.def)             Requested size: 22.75891pt x 21.76755pt.
[72] (generated/en/5_Workshop_5_4_Source_Code_Preparation.tex
File: Images/hcmut.png Graphic file (type png)
<use Images/hcmut.png>
Package pdftex.def Info: Images/hcmut.png  used on input line 105.
(pdftex.def)             Requested size: 22.75891pt x 21.76755pt.
[73]
File: Images/hcmut.png Graphic file (type png)
<use Images/hcmut.png>
Package pdftex.def Info: Images/hcmut.png  used on input line 217.
(pdftex.def)             Requested size: 22.75891pt x 21.76755pt.
[74]
generated/en/5_Workshop_5_4_Source_Code_Preparation.tex:352: ignored error: Inf
inite glue shrinkage found in box being split
File: Images/hcmut.png Graphic file (type png)
<use Images/hcmut.png>
Package pdftex.def Info: Images/hcmut.png  used on input line 352.
(pdftex.def)             Requested size: 22.75891pt x 21.76755pt.
[75]) (generated/en/5_Workshop_5_5_AWS_Infrastructure.tex
Overfull \hbox (17.60239pt too wide) in paragraph at lines 86--91
\T5/cmtt/m/n/9 AmazonEKSLoadBalancerControllerRole|  
 []

generated/en/5_Workshop_5_5_AWS_Infrastructure.tex:93: ignored error: Infinite 
glue shrinkage found in box being split
File: Images/hcmut.png Graphic file (type png)
<use Images/hcmut.png>
Package pdftex.def Info: Images/hcmut.png  used on input line 93.
(pdftex.def)             Requested size: 22.75891pt x 21.76755pt.
[76]
LaTeX Font Info:    Font shape `T5/cmtt/bx/n' in size <9> not available
(Font)              Font shape `T5/cmtt/m/n' tried instead on input line 154.

Underfull \hbox (badness 1931) in paragraph at lines 160--164
[]\T5/ptm/m/n/10 Deployment jobs call \T5/cmtt/m/n/10 aws-actions/configure-aws
-credentials@v6 \T5/ptm/m/n/10 with \T5/cmtt/m/n/10 role-to-assume: ${{
 []

File: Images/hcmut.png Graphic file (type png)
<use Images/hcmut.png>
Package pdftex.def Info: Images/hcmut.png  used on input line 201.
(pdftex.def)             Requested size: 22.75891pt x 21.76755pt.
[77]
File: Images/hcmut.png Graphic file (type png)
<use Images/hcmut.png>
Package pdftex.def Info: Images/hcmut.png  used on input line 317.
(pdftex.def)             Requested size: 22.75891pt x 21.76755pt.
[78]
Underfull \hbox (badness 1178) in paragraph at lines 381--389
[]\T5/ptm/m/n/10 I recorded one nam-ing con-flict: repos-i-tory scripts \T5/cmt
t/m/n/10 scripts/aws/provision-outbox-sqs.sh \T5/ptm/m/n/10 and \T5/cmtt/m/n/10
 .
 []


Underfull \hbox (badness 1831) in paragraph at lines 392--397
\T5/cmtt/m/n/10 qwen3-4b\T5/ptm/m/n/10 . The de-ploy-ment script re-quires the 
Sage-Maker end-point to be \T5/cmtt/m/n/10 InService \T5/ptm/m/n/10 be-fore en-
abling
 []

generated/en/5_Workshop_5_5_AWS_Infrastructure.tex:440: ignored error: Infinite
 glue shrinkage found in box being split
File: Images/hcmut.png Graphic file (type png)
<use Images/hcmut.png>
Package pdftex.def Info: Images/hcmut.png  used on input line 440.
(pdftex.def)             Requested size: 22.75891pt x 21.76755pt.
[79]) (generated/en/5_Workshop_5_6_Database_Deployment.tex
File: Images/hcmut.png Graphic file (type png)
<use Images/hcmut.png>
Package pdftex.def Info: Images/hcmut.png  used on input line 42.
(pdftex.def)             Requested size: 22.75891pt x 21.76755pt.
[80]
File: Images/hcmut.png Graphic file (type png)
<use Images/hcmut.png>
Package pdftex.def Info: Images/hcmut.png  used on input line 178.
(pdftex.def)             Requested size: 22.75891pt x 21.76755pt.
[81]
File: Images/hcmut.png Graphic file (type png)
<use Images/hcmut.png>
Package pdftex.def Info: Images/hcmut.png  used on input line 301.
(pdftex.def)             Requested size: 22.75891pt x 21.76755pt.
[82]
File: Images/hcmut.png Graphic file (type png)
<use Images/hcmut.png>
Package pdftex.def Info: Images/hcmut.png  used on input line 401.
(pdftex.def)             Requested size: 22.75891pt x 21.76755pt.
[83]) (generated/en/5_Workshop_5_7_Backend_Deployment.tex
File: Images/hcmut.png Graphic file (type png)
<use Images/hcmut.png>
Package pdftex.def Info: Images/hcmut.png  used on input line 98.
(pdftex.def)             Requested size: 22.75891pt x 21.76755pt.
[84]
File: Images/hcmut.png Graphic file (type png)
<use Images/hcmut.png>
Package pdftex.def Info: Images/hcmut.png  used on input line 245.
(pdftex.def)             Requested size: 22.75891pt x 21.76755pt.
[85]
generated/en/5_Workshop_5_7_Backend_Deployment.tex:338: ignored error: Infinite
 glue shrinkage found in box being split
File: Images/hcmut.png Graphic file (type png)
<use Images/hcmut.png>
Package pdftex.def Info: Images/hcmut.png  used on input line 338.
(pdftex.def)             Requested size: 22.75891pt x 21.76755pt.
[86]
Overfull \hbox (21.86441pt too wide) in paragraph at lines 418--418
\T5/cmtt/m/n/9 http://k8s-internshippublic-48101b50ad-85486086.ap-southeast-1.e
lb.amazonaws.com/api/health/ready|  
 []


Overfull \hbox (26.58826pt too wide) in paragraph at lines 419--419
\T5/cmtt/m/n/9 http://k8s-internshippublic-48101b50ad-85486086.ap-southeast-1.e
lb.amazonaws.com/chat/health/ready|  
 []

File: Images/hcmut.png Graphic file (type png)
<use Images/hcmut.png>
Package pdftex.def Info: Images/hcmut.png  used on input line 505.
(pdftex.def)             Requested size: 22.75891pt x 21.76755pt.
[87]) (generated/en/5_Workshop_5_8_Frontend_Deployment.tex
File: Images/hcmut.png Graphic file (type png)
<use Images/hcmut.png>
Package pdftex.def Info: Images/hcmut.png  used on input line 83.
(pdftex.def)             Requested size: 22.75891pt x 21.76755pt.
[88]
generated/en/5_Workshop_5_8_Frontend_Deployment.tex:196: ignored error: Infinit
e glue shrinkage found in box being split
File: Images/hcmut.png Graphic file (type png)
<use Images/hcmut.png>
Package pdftex.def Info: Images/hcmut.png  used on input line 196.
(pdftex.def)             Requested size: 22.75891pt x 21.76755pt.
[89]
File: Images/hcmut.png Graphic file (type png)
<use Images/hcmut.png>
Package pdftex.def Info: Images/hcmut.png  used on input line 345.
(pdftex.def)             Requested size: 22.75891pt x 21.76755pt.
[90]) (generated/en/5_Workshop_5_9_Monitoring_and_Logging.tex
File: Images/hcmut.png Graphic file (type png)
<use Images/hcmut.png>
Package pdftex.def Info: Images/hcmut.png  used on input line 50.
(pdftex.def)             Requested size: 22.75891pt x 21.76755pt.
[91]
File: Images/hcmut.png Graphic file (type png)
<use Images/hcmut.png>
Package pdftex.def Info: Images/hcmut.png  used on input line 181.
(pdftex.def)             Requested size: 22.75891pt x 21.76755pt.
[92]
generated/en/5_Workshop_5_9_Monitoring_and_Logging.tex:289: ignored error: Infi
nite glue shrinkage found in box being split
File: Images/hcmut.png Graphic file (type png)
<use Images/hcmut.png>
Package pdftex.def Info: Images/hcmut.png  used on input line 289.
(pdftex.def)             Requested size: 22.75891pt x 21.76755pt.
[93]) (generated/en/5_Workshop_5_10_End_to_End_Testing.tex
File: Images/hcmut.png Graphic file (type png)
<use Images/hcmut.png>
Package pdftex.def Info: Images/hcmut.png  used on input line 3.
(pdftex.def)             Requested size: 22.75891pt x 21.76755pt.
[94]
generated/en/5_Workshop_5_10_End_to_End_Testing.tex:169: ignored error: Infinit
e glue shrinkage found in box being split
File: Images/hcmut.png Graphic file (type png)
<use Images/hcmut.png>
Package pdftex.def Info: Images/hcmut.png  used on input line 169.
(pdftex.def)             Requested size: 22.75891pt x 21.76755pt.
[95]
generated/en/5_Workshop_5_10_End_to_End_Testing.tex:169: ignored error: Infinit
e glue shrinkage found in box being split
File: Images/hcmut.png Graphic file (type png)
<use Images/hcmut.png>
Package pdftex.def Info: Images/hcmut.png  used on input line 169.
(pdftex.def)             Requested size: 22.75891pt x 21.76755pt.
[96]
File: Images/hcmut.png Graphic file (type png)
<use Images/hcmut.png>
Package pdftex.def Info: Images/hcmut.png  used on input line 250.
(pdftex.def)             Requested size: 22.75891pt x 21.76755pt.
[97]) (generated/en/5_Workshop_5_11_Security_and_Cost.tex
generated/en/5_Workshop_5_11_Security_and_Cost.tex:83: ignored error: Infinite 
glue shrinkage found in box being split
File: Images/hcmut.png Graphic file (type png)
<use Images/hcmut.png>
Package pdftex.def Info: Images/hcmut.png  used on input line 83.
(pdftex.def)             Requested size: 22.75891pt x 21.76755pt.
[98]
File: Images/hcmut.png Graphic file (type png)
<use Images/hcmut.png>
Package pdftex.def Info: Images/hcmut.png  used on input line 143.
(pdftex.def)             Requested size: 22.75891pt x 21.76755pt.
[99]
generated/en/5_Workshop_5_11_Security_and_Cost.tex:239: ignored error: Infinite
 glue shrinkage found in box being split
File: Images/hcmut.png Graphic file (type png)
<use Images/hcmut.png>
Package pdftex.def Info: Images/hcmut.png  used on input line 239.
(pdftex.def)             Requested size: 22.75891pt x 21.76755pt.
[100]
generated/en/5_Workshop_5_11_Security_and_Cost.tex:370: ignored error: Infinite
 glue shrinkage found in box being split
File: Images/hcmut.png Graphic file (type png)
<use Images/hcmut.png>
Package pdftex.def Info: Images/hcmut.png  used on input line 370.
(pdftex.def)             Requested size: 22.75891pt x 21.76755pt.
[101]
generated/en/5_Workshop_5_11_Security_and_Cost.tex:454: ignored error: Infinite
 glue shrinkage found in box being split
File: Images/hcmut.png Graphic file (type png)
<use Images/hcmut.png>
Package pdftex.def Info: Images/hcmut.png  used on input line 454.
(pdftex.def)             Requested size: 22.75891pt x 21.76755pt.
[102]) (generated/en/5_Workshop_5_12_Troubleshooting.tex
Overfull \hbox (9.41624pt too wide) in paragraph at lines 57--58
\T5/cmtt/m/n/9 0cfee519122ae18b4|  
 []


Overfull \hbox (18.86394pt too wide) in paragraph at lines 87--88
\T5/cmtt/m/n/9 ValidationException|  
 []


Overfull \hbox (9.41624pt too wide) in paragraph at lines 101--102
\T5/cmtt/m/n/9 imageTag=<GITHUB_ 
 []


Overfull \hbox (1.19183pt too wide) in paragraph at lines 105--106
\T5/ptm/m/n/9 branch/environment 
 []

generated/en/5_Workshop_5_12_Troubleshooting.tex:142: ignored error: Infinite g
lue shrinkage found in box being split
File: Images/hcmut.png Graphic file (type png)
<use Images/hcmut.png>
Package pdftex.def Info: Images/hcmut.png  used on input line 142.
(pdftex.def)             Requested size: 22.75891pt x 21.76755pt.
[103]
generated/en/5_Workshop_5_12_Troubleshooting.tex:142: ignored error: Infinite g
lue shrinkage found in box being split
File: Images/hcmut.png Graphic file (type png)
<use Images/hcmut.png>
Package pdftex.def Info: Images/hcmut.png  used on input line 142.
(pdftex.def)             Requested size: 22.75891pt x 21.76755pt.
[104]
File: Images/hcmut.png Graphic file (type png)
<use Images/hcmut.png>
Package pdftex.def Info: Images/hcmut.png  used on input line 155.
(pdftex.def)             Requested size: 22.75891pt x 21.76755pt.
[105]
File: Images/hcmut.png Graphic file (type png)
<use Images/hcmut.png>
Package pdftex.def Info: Images/hcmut.png  used on input line 278.
(pdftex.def)             Requested size: 22.75891pt x 21.76755pt.
[106]) (generated/en/5_Workshop_5_13_Clean_Up.tex
File: Images/hcmut.png Graphic file (type png)
<use Images/hcmut.png>
Package pdftex.def Info: Images/hcmut.png  used on input line 66.
(pdftex.def)             Requested size: 22.75891pt x 21.76755pt.
[107]
File: Images/hcmut.png Graphic file (type png)
<use Images/hcmut.png>
Package pdftex.def Info: Images/hcmut.png  used on input line 186.
(pdftex.def)             Requested size: 22.75891pt x 21.76755pt.
[108]
File: Images/hcmut.png Graphic file (type png)
<use Images/hcmut.png>
Package pdftex.def Info: Images/hcmut.png  used on input line 287.
(pdftex.def)             Requested size: 22.75891pt x 21.76755pt.
[109]
File: Images/hcmut.png Graphic file (type png)
<use Images/hcmut.png>
Package pdftex.def Info: Images/hcmut.png  used on input line 407.
(pdftex.def)             Requested size: 22.75891pt x 21.76755pt.
[110])
File: Images/hcmut.png Graphic file (type png)
<use Images/hcmut.png>
Package pdftex.def Info: Images/hcmut.png  used on input line 117.
(pdftex.def)             Requested size: 22.75891pt x 21.76755pt.
[111] (generated/en/6_Self_evaluation.tex
LaTeX Font Info:    Font shape `OT1/ptm/bx/n' in size <9> not available
(Font)              Font shape `OT1/ptm/b/n' tried instead on input line 44.
LaTeX Font Info:    Font shape `OT1/ptm/bx/n' in size <7> not available
(Font)              Font shape `OT1/ptm/b/n' tried instead on input line 44.
generated/en/6_Self_evaluation.tex:70: ignored error: Infinite glue shrinkage f
ound in box being split
File: Images/hcmut.png Graphic file (type png)
<use Images/hcmut.png>
Package pdftex.def Info: Images/hcmut.png  used on input line 70.
(pdftex.def)             Requested size: 22.75891pt x 21.76755pt.
[112])
File: Images/hcmut.png Graphic file (type png)
<use Images/hcmut.png>
Package pdftex.def Info: Images/hcmut.png  used on input line 123.
(pdftex.def)             Requested size: 22.75891pt x 21.76755pt.
[113] (generated/en/7_Feedback.tex
File: Images/hcmut.png Graphic file (type png)
<use Images/hcmut.png>
Package pdftex.def Info: Images/hcmut.png  used on input line 109.
(pdftex.def)             Requested size: 22.75891pt x 21.76755pt.
[114])
File: Images/hcmut.png Graphic file (type png)
<use Images/hcmut.png>
Package pdftex.def Info: Images/hcmut.png  used on input line 129.
(pdftex.def)             Requested size: 22.75891pt x 21.76755pt.
[115])

Package caption Warning: Unused \captionsetup[table] on input line 172.
See the caption package documentation for explanation.

[116] 
enddocument/afterlastpage (AED): lastpage setting LastPage.
(main_en.aux)
 ***********
LaTeX2e <2025-11-01>
L3 programming layer <2025-12-24>
 ***********
Package rerunfilecheck Info: File `main_en.out' has not changed.
(rerunfilecheck)             Checksum: 665B9F27B6FE7E9E6768649CBF7F94D5;4662.
 ) 
Here is how much of TeX's memory you used:
 32083 strings out of 467871
 617851 string characters out of 5418377
 1014771 words of memory out of 5000000
 59867 multiletter control sequences out of 15000+600000
 708764 words of font info for 142 fonts, out of 8000000 for 9000
 1141 hyphenation exceptions out of 8191
 104i,25n,126p,546b,961s stack positions out of 10000i,1000n,20000p,200000b,200000s
 <C:\Users\Admin\AppData\Local\MiKTeX\fonts/pk/ljfour/jknappen/ec/dpi600\tctt
0900.pk><C:/Users/Admin/AppData/Local/Programs/MiKTeX/fonts/type1/public/amsfon
ts/cm/cmmi10.pfb><C:/Users/Admin/AppData/Local/Programs/MiKTeX/fonts/type1/publ
ic/amsfonts/cm/cmsy10.pfb><C:/Users/Admin/AppData/Local/Programs/MiKTeX/fonts/t
ype1/public/amsfonts/symbols/msam10.pfb><C:/Users/Admin/AppData/Local/Programs/
MiKTeX/fonts/type1/vntex/urwvn/utmb8v.pfb><C:/Users/Admin/AppData/Local/Program
s/MiKTeX/fonts/type1/urw/times/utmr8a.pfb><C:/Users/Admin/AppData/Local/Program
s/MiKTeX/fonts/type1/vntex/urwvn/utmr8v.pfb><C:/Users/Admin/AppData/Local/Progr
ams/MiKTeX/fonts/type1/vntex/urwvn/utmri8v.pfb><C:/Users/Admin/AppData/Local/Pr
ograms/MiKTeX/fonts/type1/vntex/vnr/vntt10.pfb><C:/Users/Admin/AppData/Local/Pr
ograms/MiKTeX/fonts/type1/vntex/vnr/vntt9.pfb>
Output written on main_en.pdf (120 pages, 3098918 bytes).
PDF statistics:
 1198 PDF objects out of 1200 (max. 8388607)
 349 named destinations out of 1000 (max. 500000)
 383 words of extra memory for PDF output out of 10000 (max. 10000000)

